Local Time,City,Country code,timezone,AQI,CO,NO2,O3,PM10,PM25,SO2,UTC Time
2025-12-04 00:00:00,Hoàn Kiếm,VN,Asia/Ho_Chi_Minh,155,735.0,31.0,14.5,67.5,59.33,3.0,2025-12-03T17:00:00
2025-12-04 01:00:00,Hoàn Kiếm,VN,Asia/Ho_Chi_Minh,151,655.0,31.5,53.3,66.3,56.25,3.5,2025-12-03T18:00:00
2025-12-04 02:00:00,Hoàn Kiếm,VN,Asia/Ho_Chi_Minh,155,626.0,32.5,48.6,70.3,59.0,4.5,2025-12-03T19:00:00
2025-12-04 03:00:00,Hoàn Kiếm,VN,Asia/Ho_Chi_Minh,165,629.0,21.0,22.6,76.7,67.0,3.5,2025-12-03T20:00:00
2025-12-04 04:00:00,Hoàn Kiếm,VN,Asia/Ho_Chi_Minh,153,713.0,30.5,23.7,77.0,57.5,3.0,2025-12-03T21:00:00
2025-12-04 05:00:00,Hoàn Kiếm,VN,Asia/Ho_Chi_Minh,203,1063.3,34.3,25.0,118.8,95.0,3.3,2025-12-03T22:00:00
2025-12-04 06:00:00,Hoàn Kiếm,VN,Asia/Ho_Chi_Minh,168,906.0,35.0,15.8,77.5,69.0,3.0,2025-12-03T23:00:00
2025-12-04 07:00:00,Hoàn Kiếm,VN,Asia/Ho_Chi_Minh,175,1764.0,42.0,27.5,90.3,74.0,4.0,2025-12-04T00:00:00
2025-12-04 08:00:00,Hoàn Kiếm,VN,Asia/Ho_Chi_Minh,180,1495.0,41.5,12.4,95.0,78.33,4.5,2025-12-04T01:00:00
2025-12-04 09:00:00,Hoàn Kiếm,VN,Asia/Ho_Chi_Minh,186,1628.0,47.5,18.6,103.0,82.67,4.5,2025-12-04T02:00:00
2025-12-04 10:00:00,Hoàn Kiếm,VN,Asia/Ho_Chi_Minh,199,1758.0,55.0,37.2,118.0,92.25,4.0,2025-12-04T03:00:00
2025-12-04 11:00:00,Hoàn Kiếm,VN,Asia/Ho_Chi_Minh,199,1248.8,39.7,71.8,117.9,92.33,59.3,2025-12-04T04:00:00
2025-12-04 12:00:00,Hoàn Kiếm,VN,Asia/Ho_Chi_Minh,200,1720.0,61.0,47.1,118.0,93.25,5.0,2025-12-04T05:00:00
2025-12-04 13:00:00,Hoàn Kiếm,VN,Asia/Ho_Chi_Minh,199,230.5,9.0,141.0,117.7,92.5,170.0,2025-12-04T06:00:00
2025-12-04 14:00:00,Hoàn Kiếm,VN,Asia/Ho_Chi_Minh,207,1257.0,47.0,59.5,126.3,98.0,7.5,2025-12-04T07:00:00
2025-12-04 15:00:00,Hoàn Kiếm,VN,Asia/Ho_Chi_Minh,213,1425.0,48.0,34.3,134.3,102.75,6.0,2025-12-04T08:00:00
2025-12-04 16:00:00,Hoàn Kiếm,VN,Asia/Ho_Chi_Minh,216,1851.0,52.5,34.3,140.0,105.0,5.0,2025-12-04T09:00:00
2025-12-04 17:00:00,Hoàn Kiếm,VN,Asia/Ho_Chi_Minh,237,1339.8,45.0,32.4,151.3,121.0,52.7,2025-12-04T10:00:00
2025-12-04 18:00:00,Hoàn Kiếm,VN,Asia/Ho_Chi_Minh,226,2665.0,61.0,19.6,146.7,112.75,4.5,2025-12-04T11:00:00
2025-12-04 19:00:00,Hoàn Kiếm,VN,Asia/Ho_Chi_Minh,265,317.5,30.0,28.6,175.0,142.0,148.0,2025-12-04T12:00:00
2025-12-04 20:00:00,Hoàn Kiếm,VN,Asia/Ho_Chi_Minh,246,1768.0,52.0,26.2,159.0,128.0,6.5,2025-12-04T13:00:00
2025-12-04 21:00:00,Hoàn Kiếm,VN,Asia/Ho_Chi_Minh,261,1199.8,50.0,28.6,170.0,138.67,4.0,2025-12-04T14:00:00
2025-12-04 22:00:00,Hoàn Kiếm,VN,Asia/Ho_Chi_Minh,234,1641.0,54.5,22.7,142.3,118.5,3.5,2025-12-04T15:00:00
2025-12-04 23:00:00,Hoàn Kiếm,VN,Asia/Ho_Chi_Minh,228,1485.0,41.0,25.0,138.9,114.0,37.3,2025-12-04T16:00:00
2025-12-05 00:00:00,Hoàn Kiếm,VN,Asia/Ho_Chi_Minh,163,749.0,18.0,3.3,65.5,65.5,2.0,2025-12-04T17:00:00
2025-12-05 01:00:00,Hoàn Kiếm,VN,Asia/Ho_Chi_Minh,216,1173.0,14.0,29.4,132.0,105.0,105.0,2025-12-04T18:00:00
2025-12-05 02:00:00,Hoàn Kiếm,VN,Asia/Ho_Chi_Minh,222,1263.0,42.0,19.1,140.3,109.75,4.0,2025-12-04T19:00:00
2025-12-05 03:00:00,Hoàn Kiếm,VN,Asia/Ho_Chi_Minh,224,1244.0,39.5,23.7,145.3,111.0,3.5,2025-12-04T20:00:00
2025-12-05 04:00:00,Hoàn Kiếm,VN,Asia/Ho_Chi_Minh,204,1245.0,39.0,12.5,132.3,96.0,35.3,2025-12-04T21:00:00
2025-12-05 05:00:00,Hoàn Kiếm,VN,Asia/Ho_Chi_Minh,199,1266.7,40.7,13.8,125.8,92.44,51.6,2025-12-04T22:00:00
2025-12-05 06:00:00,Hoàn Kiếm,VN,Asia/Ho_Chi_Minh,198,996.0,45.0,19.1,124.0,91.4,35.7,2025-12-04T23:00:00
2025-12-05 07:00:00,Hoàn Kiếm,VN,Asia/Ho_Chi_Minh,190,1310.0,44.0,16.4,113.0,85.33,84.0,2025-12-05T00:00:00
2025-12-05 08:00:00,Hoàn Kiếm,VN,Asia/Ho_Chi_Minh,216,3869.0,56.5,15.1,131.0,105.0,4.5,2025-12-05T01:00:00
2025-12-05 09:00:00,Hoàn Kiếm,VN,Asia/Ho_Chi_Minh,215,1703.0,48.5,15.4,131.0,104.0,4.5,2025-12-05T02:00:00
2025-12-05 10:00:00,Hoàn Kiếm,VN,Asia/Ho_Chi_Minh,208,1197.0,39.0,21.8,132.0,98.67,3.5,2025-12-05T03:00:00
2025-12-05 11:00:00,Hoàn Kiếm,VN,Asia/Ho_Chi_Minh,219,1469.3,3.0,57.6,132.0,107.0,3.3,2025-12-05T04:00:00
2025-12-05 12:00:00,Hoàn Kiếm,VN,Asia/Ho_Chi_Minh,207,1156.0,41.5,10.8,120.5,98.33,3.0,2025-12-05T05:00:00
2025-12-05 13:00:00,Hoàn Kiếm,VN,Asia/Ho_Chi_Minh,203,2014.0,44.5,16.1,119.0,95.0,3.0,2025-12-05T06:00:00
2025-12-05 14:00:00,Hoàn Kiếm,VN,Asia/Ho_Chi_Minh,202,5007.0,66.5,44.3,120.7,94.75,5.5,2025-12-05T07:00:00
2025-12-05 15:00:00,Hoàn Kiếm,VN,Asia/Ho_Chi_Minh,205,1116.0,28.0,54.0,127.7,97.0,3.5,2025-12-05T08:00:00
2025-12-05 16:00:00,Hoàn Kiếm,VN,Asia/Ho_Chi_Minh,211,1170.0,34.5,23.2,133.5,101.33,3.5,2025-12-05T09:00:00
2025-12-05 17:00:00,Hoàn Kiếm,VN,Asia/Ho_Chi_Minh,180,1518.0,32.0,8.8,104.0,78.0,2.0,2025-12-05T10:00:00
2025-12-05 18:00:00,Hoàn Kiếm,VN,Asia/Ho_Chi_Minh,199,907.0,92.5,30.1,124.3,92.25,44.5,2025-12-05T11:00:00
2025-12-05 19:00:00,Hoàn Kiếm,VN,Asia/Ho_Chi_Minh,220,1158.0,41.5,28.3,129.0,108.0,3.0,2025-12-05T12:00:00
2025-12-05 20:00:00,Hoàn Kiếm,VN,Asia/Ho_Chi_Minh,212,1099.0,37.5,31.7,117.3,102.25,3.5,2025-12-05T13:00:00
2025-12-05 21:00:00,Hoàn Kiếm,VN,Asia/Ho_Chi_Minh,200,912.0,37.5,17.5,114.5,93.0,3.0,2025-12-05T14:00:00
2025-12-05 22:00:00,Hoàn Kiếm,VN,Asia/Ho_Chi_Minh,182,1023.0,35.5,22.3,106.0,79.5,3.5,2025-12-05T15:00:00
2025-12-05 23:00:00,Hoàn Kiếm,VN,Asia/Ho_Chi_Minh,219,741.1,39.0,21.9,133.8,107.0,3.7,2025-12-05T16:00:00
2025-12-06 00:00:00,Hoàn Kiếm,VN,Asia/Ho_Chi_Minh,175,865.0,33.5,27.7,93.0,74.5,2.5,2025-12-05T17:00:00
2025-12-06 01:00:00,Hoàn Kiếm,VN,Asia/Ho_Chi_Minh,167,177.4,46.0,21.3,85.0,68.0,4.0,2025-12-05T18:00:00
2025-12-06 02:00:00,Hoàn Kiếm,VN,Asia/Ho_Chi_Minh,158,749.0,29.5,40.3,75.7,61.75,2.5,2025-12-05T19:00:00
2025-12-06 03:00:00,Hoàn Kiếm,VN,Asia/Ho_Chi_Minh,148,677.0,27.5,35.1,67.3,53.0,3.0,2025-12-05T20:00:00
2025-12-06 04:00:00,Hoàn Kiếm,VN,Asia/Ho_Chi_Minh,128,716.0,28.0,31.5,61.3,45.67,2.5,2025-12-05T21:00:00
2025-12-06 05:00:00,Hoàn Kiếm,VN,Asia/Ho_Chi_Minh,112,789.0,16.0,2.7,40.0,40.0,2.0,2025-12-05T22:00:00
2025-12-06 06:00:00,Hoàn Kiếm,VN,Asia/Ho_Chi_Minh,143,786.0,45.0,31.0,67.0,51.33,3.0,2025-12-05T23:00:00
2025-12-06 07:00:00,Hoàn Kiếm,VN,Asia/Ho_Chi_Minh,133,821.0,33.5,18.8,59.3,47.5,3.0,2025-12-06T00:00:00
2025-12-06 08:00:00,Hoàn Kiếm,VN,Asia/Ho_Chi_Minh,151,1039.0,41.0,23.7,66.7,56.5,3.0,2025-12-06T01:00:00
2025-12-06 09:00:00,Hoàn Kiếm,VN,Asia/Ho_Chi_Minh,155,1026.0,38.5,20.7,71.3,59.5,4.0,2025-12-06T02:00:00
2025-12-06 10:00:00,Hoàn Kiếm,VN,Asia/Ho_Chi_Minh,162,2835.0,51.5,37.4,80.7,64.5,4.5,2025-12-06T03:00:00
2025-12-06 11:00:00,Hoàn Kiếm,VN,Asia/Ho_Chi_Minh,167,2308.7,50.5,43.8,85.8,68.56,4.5,2025-12-06T04:00:00
2025-12-06 12:00:00,Hoàn Kiếm,VN,Asia/Ho_Chi_Minh,170,3531.0,76.0,15.7,89.3,70.75,4.5,2025-12-06T05:00:00
2025-12-06 13:00:00,Hoàn Kiếm,VN,Asia/Ho_Chi_Minh,178,1256.0,48.5,56.7,96.0,76.67,4.5,2025-12-06T06:00:00
2025-12-06 14:00:00,Hoàn Kiếm,VN,Asia/Ho_Chi_Minh,200,1743.0,67.5,26.1,121.3,93.25,7.0,2025-12-06T07:00:00
2025-12-06 15:00:00,Hoàn Kiếm,VN,Asia/Ho_Chi_Minh,214,1546.0,57.0,44.1,136.0,103.75,6.0,2025-12-06T08:00:00
2025-12-06 16:00:00,Hoàn Kiếm,VN,Asia/Ho_Chi_Minh,217,1454.0,70.5,35.4,141.0,106.0,5.0,2025-12-06T09:00:00
2025-12-06 17:00:00,Hoàn Kiếm,VN,Asia/Ho_Chi_Minh,240,1486.3,68.5,29.4,153.8,123.0,4.8,2025-12-06T10:00:00
2025-12-06 18:00:00,Hoàn Kiếm,VN,Asia/Ho_Chi_Minh,225,2128.0,68.5,24.9,141.7,111.5,4.5,2025-12-06T11:00:00
2025-12-06 19:00:00,Hoàn Kiếm,VN,Asia/Ho_Chi_Minh,227,1551.0,64.5,17.5,143.3,113.0,4.5,2025-12-06T12:00:00
2025-12-06 20:00:00,Hoàn Kiếm,VN,Asia/Ho_Chi_Minh,221,1150.0,56.0,24.7,141.0,109.0,4.0,2025-12-06T13:00:00
2025-12-06 21:00:00,Hoàn Kiếm,VN,Asia/Ho_Chi_Minh,214,1061.0,57.5,32.0,131.3,103.75,3.0,2025-12-06T14:00:00
2025-12-06 22:00:00,Hoàn Kiếm,VN,Asia/Ho_Chi_Minh,214,1836.0,61.5,39.4,130.3,103.5,3.5,2025-12-06T15:00:00
2025-12-06 23:00:00,Hoàn Kiếm,VN,Asia/Ho_Chi_Minh,212,1608.7,56.7,42.5,128.7,102.33,4.0,2025-12-06T16:00:00
2025-12-07 00:00:00,Hoàn Kiếm,VN,Asia/Ho_Chi_Minh,213,1978.0,55.0,31.8,128.7,102.75,3.0,2025-12-06T17:00:00
2025-12-07 01:00:00,Hoàn Kiếm,VN,Asia/Ho_Chi_Minh,209,1154.0,47.0,48.7,125.3,100.0,5.0,2025-12-06T18:00:00
2025-12-07 02:00:00,Hoàn Kiếm,VN,Asia/Ho_Chi_Minh,209,947.0,44.0,59.7,124.3,100.0,4.5,2025-12-06T19:00:00
2025-12-07 03:00:00,Hoàn Kiếm,VN,Asia/Ho_Chi_Minh,192,704.0,26.7,33.0,127.0,86.8,9.7,2025-12-06T20:00:00
2025-12-07 04:00:00,Hoàn Kiếm,VN,Asia/Ho_Chi_Minh,169,892.5,32.7,25.4,124.3,69.33,8.0,2025-12-06T21:00:00
2025-12-07 05:00:00,Hoàn Kiếm,VN,Asia/Ho_Chi_Minh,232,863.7,51.9,23.8,146.3,117.0,14.8,2025-12-06T22:00:00
2025-12-07 06:00:00,Hoàn Kiếm,VN,Asia/Ho_Chi_Minh,177,795.5,28.3,11.8,118.7,75.75,10.7,2025-12-06T23:00:00
2025-12-07 07:00:00,Hoàn Kiếm,VN,Asia/Ho_Chi_Minh,206,806.0,90.5,20.4,146.3,97.25,28.5,2025-12-07T00:00:00
2025-12-07 08:00:00,Hoàn Kiếm,VN,Asia/Ho_Chi_Minh,200,894.0,80.7,22.8,132.5,93.0,27.3,2025-12-07T01:00:00
2025-12-07 09:00:00,Hoàn Kiếm,VN,Asia/Ho_Chi_Minh,210,1061.0,80.3,20.4,144.8,100.8,22.0,2025-12-07T02:00:00
2025-12-07 10:00:00,Hoàn Kiếm,VN,Asia/Ho_Chi_Minh,259,164.0,56.0,23.6,178.0,137.67,5.0,2025-12-07T03:00:00
2025-12-07 11:00:00,Hoàn Kiếm,VN,Asia/Ho_Chi_Minh,129,706.0,162.0,7.6,160.0,46.0,11.0,2025-12-07T04:00:00
2025-12-07 12:00:00,Hoàn Kiếm,VN,Asia/Ho_Chi_Minh,238,795.3,25.0,33.7,160.5,121.33,5.0,2025-12-07T05:00:00
2025-12-07 13:00:00,Hoàn Kiếm,VN,Asia/Ho_Chi_Minh,201,1111.0,45.5,21.0,117.5,93.67,4.5,2025-12-07T06:00:00
2025-12-07 14:00:00,Hoàn Kiếm,VN,Asia/Ho_Chi_Minh,204,1897.0,67.5,39.2,115.0,95.67,5.5,2025-12-07T07:00:00
2025-12-07 15:00:00,Hoàn Kiếm,VN,Asia/Ho_Chi_Minh,184,1702.5,87.0,136.9,111.0,81.2,19.3,2025-12-07T08:00:00
2025-12-07 16:00:00,Hoàn Kiếm,VN,Asia/Ho_Chi_Minh,221,4093.0,78.5,20.2,145.7,109.0,5.0,2025-12-07T09:00:00
2025-12-07 17:00:00,Hoàn Kiếm,VN,Asia/Ho_Chi_Minh,154,2782.4,71.3,16.3,192.5,154.0,5.0,2025-12-07T10:00:00
2025-12-07 18:00:00,Hoàn Kiếm,VN,Asia/Ho_Chi_Minh,259,4313.0,56.0,27.1,172.0,137.5,5.0,2025-12-07T11:00:00
2025-12-07 19:00:00,Hoàn Kiếm,VN,Asia/Ho_Chi_Minh,161,161.1,57.0,8.6,207.0,161.0,5.0,2025-12-07T12:00:00
2025-12-07 20:00:00,Hoàn Kiếm,VN,Asia/Ho_Chi_Minh,160,1628.0,55.0,39.1,206.0,160.5,4.0,2025-12-07T13:00:00
2025-12-07 21:00:00,Hoàn Kiếm,VN,Asia/Ho_Chi_Minh,257,3100.0,58.5,14.9,173.7,136.0,4.0,2025-12-07T14:00:00
2025-12-07 22:00:00,Hoàn Kiếm,VN,Asia/Ho_Chi_Minh,248,4562.0,54.5,27.8,160.7,129.5,5.0,2025-12-07T15:00:00
2025-12-07 23:00:00,Hoàn Kiếm,VN,Asia/Ho_Chi_Minh,253,3492.3,67.3,22.1,180.8,132.58,14.0,2025-12-07T16:00:00
2025-12-08 00:00:00,Hoàn Kiếm,VN,Asia/Ho_Chi_Minh,210,1203.0,66.3,28.0,146.5,100.2,44.3,2025-12-07T17:00:00
2025-12-08 01:00:00,Hoàn Kiếm,VN,Asia/Ho_Chi_Minh,261,1353.0,93.0,10.6,221.0,138.75,32.0,2025-12-07T18:00:00
2025-12-08 02:00:00,Hoàn Kiếm,VN,Asia/Ho_Chi_Minh,267,1095.5,74.3,20.1,234.8,143.2,5.7,2025-12-07T19:00:00
2025-12-08 03:00:00,Hoàn Kiếm,VN,Asia/Ho_Chi_Minh,261,1160.5,85.0,19.7,219.3,139.0,14.7,2025-12-07T20:00:00
2025-12-08 04:00:00,Hoàn Kiếm,VN,Asia/Ho_Chi_Minh,253,1033.5,76.7,15.4,218.0,133.0,40.7,2025-12-07T21:00:00
2025-12-08 05:00:00,Hoàn Kiếm,VN,Asia/Ho_Chi_Minh,227,1025.0,97.4,29.6,130.0,113.5,28.8,2025-12-07T22:00:00
2025-12-08 06:00:00,Hoàn Kiếm,VN,Asia/Ho_Chi_Minh,275,1219.0,70.0,12.5,257.7,149.25,28.3,2025-12-07T23:00:00
2025-12-08 07:00:00,Hoàn Kiếm,VN,Asia/Ho_Chi_Minh,229,1008.0,139.0,15.9,374.5,201.33,5.0,2025-12-08T00:00:00
2025-12-08 08:00:00,Hoàn Kiếm,VN,Asia/Ho_Chi_Minh,244,3172.5,101.0,24.9,202.8,125.8,43.7,2025-12-08T01:00:00
2025-12-08 09:00:00,Hoàn Kiếm,VN,Asia/Ho_Chi_Minh,204,1577.0,65.0,9.9,157.3,96.25,21.7,2025-12-08T02:00:00
2025-12-08 10:00:00,Hoàn Kiếm,VN,Asia/Ho_Chi_Minh,166,1268.5,38.5,22.3,121.0,67.75,21.7,2025-12-08T03:00:00
2025-12-08 11:00:00,Hoàn Kiếm,VN,Asia/Ho_Chi_Minh,143,1415.7,43.2,27.0,68.5,51.5,16.1,2025-12-08T04:00:00
2025-12-08 12:00:00,Hoàn Kiếm,VN,Asia/Ho_Chi_Minh,123,1562.8,8.0,31.8,98.0,44.0,10.6,2025-12-08T05:00:00
2025-12-08 13:00:00,Hoàn Kiếm,VN,Asia/Ho_Chi_Minh,126,1710.0,52.5,36.5,57.0,45.0,5.0,2025-12-08T06:00:00
2025-12-08 14:00:00,Hoàn Kiếm,VN,Asia/Ho_Chi_Minh,114,691.0,37.5,43.7,52.3,40.75,4.0,2025-12-08T07:00:00
2025-12-08 15:00:00,Hoàn Kiếm,VN,Asia/Ho_Chi_Minh,115,886.0,41.0,21.8,53.0,41.0,4.5,2025-12-08T08:00:00
2025-12-08 16:00:00,Hoàn Kiếm,VN,Asia/Ho_Chi_Minh,115,1659.0,31.0,54.9,54.7,41.0,4.0,2025-12-08T09:00:00
2025-12-08 17:00:00,Hoàn Kiếm,VN,Asia/Ho_Chi_Minh,126,2390.0,58.0,19.0,59.5,45.0,3.5,2025-12-08T10:00:00
2025-12-08 18:00:00,Hoàn Kiếm,VN,Asia/Ho_Chi_Minh,134,4317.7,68.7,30.5,60.0,48.0,5.3,2025-12-08T11:00:00
2025-12-08 19:00:00,Hoàn Kiếm,VN,Asia/Ho_Chi_Minh,165,5647.0,87.5,18.3,87.7,66.5,6.0,2025-12-08T12:00:00
2025-12-08 20:00:00,Hoàn Kiếm,VN,Asia/Ho_Chi_Minh,211,5128.0,53.0,25.8,131.7,101.25,7.0,2025-12-08T13:00:00
2025-12-08 21:00:00,Hoàn Kiếm,VN,Asia/Ho_Chi_Minh,243,3034.0,48.0,15.6,163.0,125.25,4.5,2025-12-08T14:00:00
2025-12-08 22:00:00,Hoàn Kiếm,VN,Asia/Ho_Chi_Minh,243,3244.0,64.0,12.9,168.0,125.5,5.0,2025-12-08T15:00:00
2025-12-08 23:00:00,Hoàn Kiếm,VN,Asia/Ho_Chi_Minh,267,1854.0,58.5,23.7,179.7,143.5,4.0,2025-12-08T16:00:00
2025-12-09 00:00:00,Hoàn Kiếm,VN,Asia/Ho_Chi_Minh,235,1814.0,308.0,14.1,200.0,119.5,26.0,2025-12-08T17:00:00
2025-12-09 01:00:00,Hoàn Kiếm,VN,Asia/Ho_Chi_Minh,248,1656.5,136.7,22.0,198.8,128.8,21.7,2025-12-08T18:00:00
2025-12-09 02:00:00,Hoàn Kiếm,VN,Asia/Ho_Chi_Minh,247,1832.5,121.0,15.1,199.3,128.4,5.0,2025-12-08T19:00:00
2025-12-09 03:00:00,Hoàn Kiếm,VN,Asia/Ho_Chi_Minh,240,1370.5,126.7,15.2,185.8,123.2,11.3,2025-12-08T20:00:00
2025-12-09 04:00:00,Hoàn Kiếm,VN,Asia/Ho_Chi_Minh,246,1513.0,117.0,14.9,183.0,127.4,42.0,2025-12-08T21:00:00
2025-12-09 05:00:00,Hoàn Kiếm,VN,Asia/Ho_Chi_Minh,232,1986.0,53.0,19.5,156.3,117.0,3.5,2025-12-08T22:00:00
2025-12-09 06:00:00,Hoàn Kiếm,VN,Asia/Ho_Chi_Minh,248,1613.0,185.0,13.0,234.0,129.5,63.0,2025-12-08T23:00:00
2025-12-09 07:00:00,Hoàn Kiếm,VN,Asia/Ho_Chi_Minh,231,2202.0,88.0,12.8,168.0,116.2,11.3,2025-12-09T00:00:00
2025-12-09 08:00:00,Hoàn Kiếm,VN,Asia/Ho_Chi_Minh,230,3442.0,90.7,12.8,169.7,115.25,35.7,2025-12-09T01:00:00
2025-12-09 09:00:00,Hoàn Kiếm,VN,Asia/Ho_Chi_Minh,244,1860.0,37.7,13.4,152.7,126.5,15.3,2025-12-09T02:00:00
2025-12-09 10:00:00,Hoàn Kiếm,VN,Asia/Ho_Chi_Minh,231,1740.0,61.5,8.5,151.0,116.0,3.5,2025-12-09T03:00:00
2025-12-09 11:00:00,Hoàn Kiếm,VN,Asia/Ho_Chi_Minh,202,1502.0,57.0,18.1,125.5,94.5,4.5,2025-12-09T04:00:00
2025-12-09 12:00:00,Hoàn Kiếm,VN,Asia/Ho_Chi_Minh,237,1161.3,51.2,25.4,151.3,121.0,5.5,2025-12-09T05:00:00
2025-12-09 13:00:00,Hoàn Kiếm,VN,Asia/Ho_Chi_Minh,189,872.0,46.0,33.9,108.0,84.75,6.5,2025-12-09T06:00:00
2025-12-09 14:00:00,Hoàn Kiếm,VN,Asia/Ho_Chi_Minh,180,1115.0,48.0,27.5,99.0,78.25,6.5,2025-12-09T07:00:00
2025-12-09 15:00:00,Hoàn Kiếm,VN,Asia/Ho_Chi_Minh,180,972.0,29.7,37.2,98.0,78.0,7.0,2025-12-09T08:00:00
2025-12-09 16:00:00,Hoàn Kiếm,VN,Asia/Ho_Chi_Minh,191,1070.0,41.0,39.9,103.0,86.0,5.5,2025-12-09T09:00:00
2025-12-09 17:00:00,Hoàn Kiếm,VN,Asia/Ho_Chi_Minh,182,5775.0,95.5,30.0,106.0,79.67,7.5,2025-12-09T10:00:00
2025-12-09 18:00:00,Hoàn Kiếm,VN,Asia/Ho_Chi_Minh,213,2805.3,70.3,26.2,128.8,103.0,5.8,2025-12-09T11:00:00
2025-12-09 19:00:00,Hoàn Kiếm,VN,Asia/Ho_Chi_Minh,228,3673.0,85.0,19.4,141.7,114.25,6.0,2025-12-09T12:00:00
2025-12-09 20:00:00,Hoàn Kiếm,VN,Asia/Ho_Chi_Minh,246,3715.0,78.0,44.0,159.7,128.0,10.0,2025-12-09T13:00:00
2025-12-09 21:00:00,Hoàn Kiếm,VN,Asia/Ho_Chi_Minh,235,2611.0,68.5,28.7,153.7,119.25,8.5,2025-12-09T14:00:00
2025-12-09 22:00:00,Hoàn Kiếm,VN,Asia/Ho_Chi_Minh,225,2065.0,65.5,22.4,145.3,111.75,8.0,2025-12-09T15:00:00
2025-12-09 23:00:00,Hoàn Kiếm,VN,Asia/Ho_Chi_Minh,223,1488.0,64.0,35.6,147.0,110.33,5.5,2025-12-09T16:00:00
2025-12-10 00:00:00,Hoàn Kiếm,VN,Asia/Ho_Chi_Minh,235,1465.0,65.2,26.2,148.8,119.0,6.0,2025-12-09T17:00:00
2025-12-10 01:00:00,Hoàn Kiếm,VN,Asia/Ho_Chi_Minh,232,1165.0,65.0,28.1,148.3,117.25,5.0,2025-12-09T18:00:00
2025-12-10 02:00:00,Hoàn Kiếm,VN,Asia/Ho_Chi_Minh,231,999.0,35.3,31.6,145.7,116.25,5.5,2025-12-09T19:00:00
2025-12-10 03:00:00,Hoàn Kiếm,VN,Asia/Ho_Chi_Minh,238,1461.0,68.5,3.9,140.0,121.67,5.5,2025-12-09T20:00:00
2025-12-10 04:00:00,Hoàn Kiếm,VN,Asia/Ho_Chi_Minh,240,1865.0,57.5,17.5,142.5,123.0,4.5,2025-12-09T21:00:00
2025-12-10 05:00:00,Hoàn Kiếm,VN,Asia/Ho_Chi_Minh,270,1347.8,58.0,22.9,194.0,145.5,6.0,2025-12-09T22:00:00
2025-12-10 06:00:00,Hoàn Kiếm,VN,Asia/Ho_Chi_Minh,202,830.6,34.5,23.9,252.5,202.0,53.5,2025-12-09T23:00:00
2025-12-10 07:00:00,Hoàn Kiếm,VN,Asia/Ho_Chi_Minh,165,313.4,23.0,27.0,212.0,165.0,78.0,2025-12-10T00:00:00
2025-12-10 08:00:00,Hoàn Kiếm,VN,Asia/Ho_Chi_Minh,171,2111.0,178.7,9.8,257.7,171.0,34.0,2025-12-10T01:00:00
2025-12-10 09:00:00,Hoàn Kiếm,VN,Asia/Ho_Chi_Minh,155,3201.0,229.7,7.6,225.8,155.6,38.7,2025-12-10T02:00:00
2025-12-10 10:00:00,Hoàn Kiếm,VN,Asia/Ho_Chi_Minh,272,1868.5,186.0,21.9,221.3,147.0,34.0,2025-12-10T03:00:00
2025-12-10 11:00:00,Hoàn Kiếm,VN,Asia/Ho_Chi_Minh,235,2036.8,52.0,35.8,159.0,119.0,6.0,2025-12-10T04:00:00
2025-12-10 12:00:00,Hoàn Kiếm,VN,Asia/Ho_Chi_Minh,254,1008.0,331.0,29.2,232.0,134.0,89.0,2025-12-10T05:00:00
2025-12-10 13:00:00,Hoàn Kiếm,VN,Asia/Ho_Chi_Minh,205,2373.5,135.0,33.9,134.7,97.0,37.7,2025-12-10T06:00:00
2025-12-10 14:00:00,Hoàn Kiếm,VN,Asia/Ho_Chi_Minh,204,920.0,45.5,29.1,98.0,96.33,7.0,2025-12-10T07:00:00
2025-12-10 15:00:00,Hoàn Kiếm,VN,Asia/Ho_Chi_Minh,171,849.0,39.0,35.3,95.5,71.5,6.0,2025-12-10T08:00:00
2025-12-10 16:00:00,Hoàn Kiếm,VN,Asia/Ho_Chi_Minh,167,1449.0,54.0,33.2,90.5,68.0,6.0,2025-12-10T09:00:00
2025-12-10 17:00:00,Hoàn Kiếm,VN,Asia/Ho_Chi_Minh,161,2862.0,81.5,20.2,85.5,64.0,5.0,2025-12-10T10:00:00
2025-12-10 18:00:00,Hoàn Kiếm,VN,Asia/Ho_Chi_Minh,195,1959.7,65.7,20.2,111.3,89.0,6.3,2025-12-10T11:00:00
2025-12-10 19:00:00,Hoàn Kiếm,VN,Asia/Ho_Chi_Minh,180,2215.0,71.5,13.7,105.0,78.33,6.5,2025-12-10T12:00:00
2025-12-10 20:00:00,Hoàn Kiếm,VN,Asia/Ho_Chi_Minh,189,1620.0,70.0,11.1,116.0,84.67,7.0,2025-12-10T13:00:00
2025-12-10 21:00:00,Hoàn Kiếm,VN,Asia/Ho_Chi_Minh,183,1852.0,88.0,16.7,128.3,80.0,40.3,2025-12-10T14:00:00
2025-12-10 22:00:00,Hoàn Kiếm,VN,Asia/Ho_Chi_Minh,190,1717.5,109.3,13.7,142.3,85.75,35.0,2025-12-10T15:00:00
2025-12-10 23:00:00,Hoàn Kiếm,VN,Asia/Ho_Chi_Minh,211,1365.0,62.5,25.1,134.5,101.0,4.0,2025-12-10T16:00:00
2025-12-11 00:00:00,Hoàn Kiếm,VN,Asia/Ho_Chi_Minh,183,907.0,193.0,7.6,162.0,80.5,84.0,2025-12-10T17:00:00
2025-12-11 01:00:00,Hoàn Kiếm,VN,Asia/Ho_Chi_Minh,207,907.0,117.5,31.0,166.7,98.5,52.0,2025-12-10T18:00:00
2025-12-11 02:00:00,Hoàn Kiếm,VN,Asia/Ho_Chi_Minh,194,1018.5,101.3,4.3,144.0,88.25,33.3,2025-12-10T19:00:00
2025-12-11 03:00:00,Hoàn Kiếm,VN,Asia/Ho_Chi_Minh,210,1002.0,101.7,7.5,141.3,100.75,33.0,2025-12-10T20:00:00
2025-12-11 04:00:00,Hoàn Kiếm,VN,Asia/Ho_Chi_Minh,241,1008.0,135.0,17.3,179.3,123.5,53.0,2025-12-10T21:00:00
2025-12-11 05:00:00,Hoàn Kiếm,VN,Asia/Ho_Chi_Minh,268,1377.7,53.0,24.7,193.0,144.5,6.0,2025-12-10T22:00:00
2025-12-11 06:00:00,Hoàn Kiếm,VN,Asia/Ho_Chi_Minh,151,1210.0,262.0,2.2,244.0,151.0,100.0,2025-12-10T23:00:00
2025-12-11 07:00:00,Hoàn Kiếm,VN,Asia/Ho_Chi_Minh,169,2117.0,263.5,27.5,252.3,169.0,46.5,2025-12-11T00:00:00
2025-12-11 08:00:00,Hoàn Kiếm,VN,Asia/Ho_Chi_Minh,159,4508.0,188.3,23.8,234.3,159.0,38.0,2025-12-11T01:00:00
2025-12-11 09:00:00,Hoàn Kiếm,VN,Asia/Ho_Chi_Minh,160,2957.5,148.0,2.9,227.3,160.4,38.7,2025-12-11T02:00:00
2025-12-11 10:00:00,Hoàn Kiếm,VN,Asia/Ho_Chi_Minh,157,2808.0,184.0,11.0,230.7,157.0,32.7,2025-12-11T03:00:00
2025-12-11 11:00:00,Hoàn Kiếm,VN,Asia/Ho_Chi_Minh,171,4127.0,79.0,13.5,229.0,171.5,5.5,2025-12-11T04:00:00
2025-12-11 12:00:00,Hoàn Kiếm,VN,Asia/Ho_Chi_Minh,254,1512.0,331.0,7.6,236.0,133.5,89.0,2025-12-11T05:00:00
2025-12-11 13:00:00,Hoàn Kiếm,VN,Asia/Ho_Chi_Minh,170,2354.0,74.5,26.4,213.5,170.0,5.0,2025-12-11T06:00:00
2025-12-11 14:00:00,Hoàn Kiếm,VN,Asia/Ho_Chi_Minh,157,2307.0,65.0,6.9,200.0,157.0,5.0,2025-12-11T07:00:00
2025-12-11 15:00:00,Hoàn Kiếm,VN,Asia/Ho_Chi_Minh,274,1844.0,63.0,12.9,185.0,148.33,5.5,2025-12-11T08:00:00
2025-12-11 16:00:00,Hoàn Kiếm,VN,Asia/Ho_Chi_Minh,270,206.0,62.0,28.1,180.0,146.0,5.0,2025-12-11T09:00:00
2025-12-11 17:00:00,Hoàn Kiếm,VN,Asia/Ho_Chi_Minh,220,4661.0,73.0,4.2,144.0,108.0,4.0,2025-12-11T10:00:00
2025-12-11 18:00:00,Hoàn Kiếm,VN,Asia/Ho_Chi_Minh,170,2855.3,69.3,11.1,212.5,170.0,7.0,2025-12-11T11:00:00
2025-12-11 19:00:00,Hoàn Kiếm,VN,Asia/Ho_Chi_Minh,270,4180.0,73.0,2.7,149.0,145.5,8.0,2025-12-11T12:00:00
2025-12-11 20:00:00,Hoàn Kiếm,VN,Asia/Ho_Chi_Minh,160,2231.0,59.5,31.9,195.0,160.33,5.0,2025-12-11T13:00:00
2025-12-11 21:00:00,Hoàn Kiếm,VN,Asia/Ho_Chi_Minh,224,2451.0,55.0,1.5,111.0,111.0,8.0,2025-12-11T14:00:00
2025-12-11 22:00:00,Hoàn Kiếm,VN,Asia/Ho_Chi_Minh,202,2696.0,86.0,5.7,101.0,94.67,7.5,2025-12-11T15:00:00
2025-12-11 23:00:00,Hoàn Kiếm,VN,Asia/Ho_Chi_Minh,50,1846.0,64.0,23.1,16.0,12.0,4.0,2025-12-11T16:00:00
2025-12-12 00:00:00,Hoàn Kiếm,VN,Asia/Ho_Chi_Minh,245,2016.0,108.0,7.6,176.0,127.0,26.0,2025-12-11T17:00:00
2025-12-12 01:00:00,Hoàn Kiếm,VN,Asia/Ho_Chi_Minh,243,706.0,393.0,29.8,163.0,125.67,100.0,2025-12-11T18:00:00
2025-12-12 02:00:00,Hoàn Kiếm,VN,Asia/Ho_Chi_Minh,246,605.0,293.0,2.2,160.0,127.5,100.0,2025-12-11T19:00:00
2025-12-12 03:00:00,Hoàn Kiếm,VN,Asia/Ho_Chi_Minh,242,1006.0,131.0,2.4,147.5,124.67,47.0,2025-12-11T20:00:00
2025-12-12 04:00:00,Hoàn Kiếm,VN,Asia/Ho_Chi_Minh,262,1320.5,117.0,9.0,160.3,139.75,52.5,2025-12-11T21:00:00
2025-12-12 05:00:00,Hoàn Kiếm,VN,Asia/Ho_Chi_Minh,264,1840.0,40.0,25.9,188.0,141.0,4.0,2025-12-11T22:00:00
2025-12-12 06:00:00,Hoàn Kiếm,VN,Asia/Ho_Chi_Minh,152,504.0,208.0,2.2,160.0,152.5,100.0,2025-12-11T23:00:00
2025-12-12 07:00:00,Hoàn Kiếm,VN,Asia/Ho_Chi_Minh,274,1550.0,130.0,13.5,185.7,148.5,47.0,2025-12-12T00:00:00
2025-12-12 08:00:00,Hoàn Kiếm,VN,Asia/Ho_Chi_Minh,154,1738.0,267.5,1.5,195.0,154.0,52.5,2025-12-12T01:00:00
2025-12-12 09:00:00,Hoàn Kiếm,VN,Asia/Ho_Chi_Minh,158,2036.0,202.0,2.4,211.5,158.0,36.3,2025-12-12T02:00:00
2025-12-12 10:00:00,Hoàn Kiếm,VN,Asia/Ho_Chi_Minh,154,2884.5,156.0,8.4,205.7,154.0,31.3,2025-12-12T03:00:00
2025-12-12 11:00:00,Hoàn Kiếm,VN,Asia/Ho_Chi_Minh,165,3699.0,57.0,9.4,221.0,165.5,5.0,2025-12-12T04:00:00
2025-12-12 12:00:00,Hoàn Kiếm,VN,Asia/Ho_Chi_Minh,215,2252.8,87.3,6.0,268.8,215.0,13.1,2025-12-12T05:00:00
2025-12-12 13:00:00,Hoàn Kiếm,VN,Asia/Ho_Chi_Minh,187,1937.0,53.0,4.8,223.5,187.33,4.0,2025-12-12T06:00:00
2025-12-12 14:00:00,Hoàn Kiếm,VN,Asia/Ho_Chi_Minh,192,2298.0,51.5,25.7,230.5,192.0,4.0,2025-12-12T07:00:00
2025-12-12 15:00:00,Hoàn Kiếm,VN,Asia/Ho_Chi_Minh,190,2560.0,43.0,22.3,227.5,190.67,6.0,2025-12-12T08:00:00
2025-12-12 16:00:00,Hoàn Kiếm,VN,Asia/Ho_Chi_Minh,184,2840.0,30.0,18.1,192.0,184.0,3.0,2025-12-12T09:00:00
2025-12-12 17:00:00,Hoàn Kiếm,VN,Asia/Ho_Chi_Minh,252,3538.0,52.0,10.1,176.0,132.0,4.0,2025-12-12T10:00:00
2025-12-12 18:00:00,Hoàn Kiếm,VN,Asia/Ho_Chi_Minh,250,3239.3,46.7,7.9,312.5,250.0,5.0,2025-12-12T11:00:00
2025-12-12 19:00:00,Hoàn Kiếm,VN,Asia/Ho_Chi_Minh,180,3439.0,55.0,2.7,180.0,180.0,6.0,2025-12-12T12:00:00
2025-12-12 20:00:00,Hoàn Kiếm,VN,Asia/Ho_Chi_Minh,203,2744.0,49.0,17.2,209.0,203.0,5.0,2025-12-12T13:00:00
2025-12-12 21:00:00,Hoàn Kiếm,VN,Asia/Ho_Chi_Minh,222,2791.0,53.0,6.4,272.5,222.0,6.0,2025-12-12T14:00:00
2025-12-12 22:00:00,Hoàn Kiếm,VN,Asia/Ho_Chi_Minh,198,1721.5,121.3,12.8,262.7,198.0,33.0,2025-12-12T15:00:00
2025-12-12 23:00:00,Hoàn Kiếm,VN,Asia/Ho_Chi_Minh,174,2735.0,37.0,25.7,232.0,174.0,2.0,2025-12-12T16:00:00
2025-12-13 00:00:00,Hoàn Kiếm,VN,Asia/Ho_Chi_Minh,208,504.0,223.0,2.2,258.0,208.5,89.0,2025-12-12T17:00:00
2025-12-13 01:00:00,Hoàn Kiếm,VN,Asia/Ho_Chi_Minh,174,932.0,73.3,35.8,219.8,174.4,35.7,2025-12-12T18:00:00
2025-12-13 02:00:00,Hoàn Kiếm,VN,Asia/Ho_Chi_Minh,256,841.0,112.0,10.2,393.0,245.0,46.0,2025-12-12T19:00:00
2025-12-13 03:00:00,Hoàn Kiếm,VN,Asia/Ho_Chi_Minh,223,966.0,79.3,2.4,328.3,223.0,29.0,2025-12-12T20:00:00
2025-12-13 04:00:00,Hoàn Kiếm,VN,Asia/Ho_Chi_Minh,199,1170.5,101.7,15.6,280.3,198.8,34.0,2025-12-12T21:00:00
2025-12-13 05:00:00,Hoàn Kiếm,VN,Asia/Ho_Chi_Minh,254,2607.0,52.0,19.0,178.3,133.33,5.0,2025-12-12T22:00:00
2025-12-13 06:00:00,Hoàn Kiếm,VN,Asia/Ho_Chi_Minh,500,302.0,293.0,2.2,604.0,336.0,105.0,2025-12-12T23:00:00
2025-12-13 07:00:00,Hoàn Kiếm,VN,Asia/Ho_Chi_Minh,239,403.0,198.0,14.5,335.3,239.5,43.5,2025-12-13T00:00:00
2025-12-13 08:00:00,Hoàn Kiếm,VN,Asia/Ho_Chi_Minh,249,403.0,197.5,27.4,380.5,249.67,44.0,2025-12-13T01:00:00
2025-12-13 09:00:00,Hoàn Kiếm,VN,Asia/Ho_Chi_Minh,196,2163.5,135.7,5.4,282.0,196.25,31.3,2025-12-13T02:00:00
2025-12-13 10:00:00,Hoàn Kiếm,VN,Asia/Ho_Chi_Minh,218,3850.0,34.0,15.3,110.5,106.67,4.5,2025-12-13T03:00:00
2025-12-13 11:00:00,Hoàn Kiếm,VN,Asia/Ho_Chi_Minh,191,3164.3,50.0,3.5,114.0,86.0,4.0,2025-12-13T04:00:00
2025-12-13 12:00:00,Hoàn Kiếm,VN,Asia/Ho_Chi_Minh,224,2478.7,50.7,29.1,138.8,111.0,3.2,2025-12-13T05:00:00
2025-12-13 13:00:00,Hoàn Kiếm,VN,Asia/Ho_Chi_Minh,164,1793.0,59.0,36.0,71.0,66.0,2.5,2025-12-13T06:00:00
2025-12-13 14:00:00,Hoàn Kiếm,VN,Asia/Ho_Chi_Minh,130,2730.0,57.0,33.3,53.0,46.33,4.5,2025-12-13T07:00:00
2025-12-13 15:00:00,Hoàn Kiếm,VN,Asia/Ho_Chi_Minh,91,3441.0,48.0,5.5,38.0,31.0,3.5,2025-12-13T08:00:00
2025-12-13 16:00:00,Hoàn Kiếm,VN,Asia/Ho_Chi_Minh,84,240.4,10.0,11.2,31.5,27.67,2.0,2025-12-13T09:00:00
2025-12-13 17:00:00,Hoàn Kiếm,VN,Asia/Ho_Chi_Minh,52,1354.0,45.0,24.0,17.0,13.0,2.0,2025-12-13T10:00:00
2025-12-13 18:00:00,Hoàn Kiếm,VN,Asia/Ho_Chi_Minh,63,1124.1,35.3,11.9,22.5,18.0,3.3,2025-12-13T11:00:00
2025-12-13 19:00:00,Hoàn Kiếm,VN,Asia/Ho_Chi_Minh,54,1566.0,48.0,12.3,15.5,14.0,4.0,2025-12-13T12:00:00
2025-12-13 20:00:00,Hoàn Kiếm,VN,Asia/Ho_Chi_Minh,68,1212.0,47.0,15.2,24.5,20.33,4.0,2025-12-13T13:00:00
2025-12-13 21:00:00,Hoàn Kiếm,VN,Asia/Ho_Chi_Minh,71,1382.0,28.5,11.5,24.5,21.67,2.5,2025-12-13T14:00:00
2025-12-13 22:00:00,Hoàn Kiếm,VN,Asia/Ho_Chi_Minh,76,1304.0,28.5,7.7,28.0,24.0,3.0,2025-12-13T15:00:00
2025-12-13 23:00:00,Hoàn Kiếm,VN,Asia/Ho_Chi_Minh,60,1166.0,27.5,19.2,21.5,16.5,3.5,2025-12-13T16:00:00
2025-12-14 00:00:00,Hoàn Kiếm,VN,Asia/Ho_Chi_Minh,91,555.3,14.2,40.9,38.8,31.0,71.0,2025-12-13T17:00:00
2025-12-14 01:00:00,Hoàn Kiếm,VN,Asia/Ho_Chi_Minh,179,180.9,7.0,57.4,164.0,77.5,105.0,2025-12-13T18:00:00
2025-12-14 02:00:00,Hoàn Kiếm,VN,Asia/Ho_Chi_Minh,91,174.7,6.7,46.6,38.8,31.0,102.0,2025-12-13T19:00:00
2025-12-14 03:00:00,Hoàn Kiếm,VN,Asia/Ho_Chi_Minh,87,168.5,6.3,35.7,36.3,29.0,99.0,2025-12-13T20:00:00
2025-12-14 04:00:00,Hoàn Kiếm,VN,Asia/Ho_Chi_Minh,174,162.2,6.0,24.9,165.0,73.5,96.0,2025-12-13T21:00:00
2025-12-14 05:00:00,Hoàn Kiếm,VN,Asia/Ho_Chi_Minh,262,159.1,6.7,24.9,187.0,140.0,95.7,2025-12-13T22:00:00
2025-12-14 06:00:00,Hoàn Kiếm,VN,Asia/Ho_Chi_Minh,72,156.0,7.3,26.3,27.5,22.0,95.3,2025-12-13T23:00:00
2025-12-14 07:00:00,Hoàn Kiếm,VN,Asia/Ho_Chi_Minh,197,152.9,8.0,27.0,213.0,91.0,95.0,2025-12-14T00:00:00
2025-12-14 08:00:00,Hoàn Kiếm,VN,Asia/Ho_Chi_Minh,72,147.5,8.0,37.0,27.5,22.0,98.3,2025-12-14T01:00:00
2025-12-14 09:00:00,Hoàn Kiếm,VN,Asia/Ho_Chi_Minh,192,142.0,8.0,47.0,203.0,87.0,101.7,2025-12-14T02:00:00
2025-12-14 10:00:00,Hoàn Kiếm,VN,Asia/Ho_Chi_Minh,78,136.6,8.0,57.0,31.3,25.0,105.0,2025-12-14T03:00:00
2025-12-14 11:00:00,Hoàn Kiếm,VN,Asia/Ho_Chi_Minh,73,398.7,13.8,45.9,26.8,22.44,71.2,2025-12-14T04:00:00
2025-12-14 12:00:00,Hoàn Kiếm,VN,Asia/Ho_Chi_Minh,78,660.9,19.7,34.9,31.3,25.0,37.3,2025-12-14T05:00:00
2025-12-14 13:00:00,Hoàn Kiếm,VN,Asia/Ho_Chi_Minh,62,923.0,25.5,23.8,18.0,17.33,3.5,2025-12-14T06:00:00
2025-12-14 14:00:00,Hoàn Kiếm,VN,Asia/Ho_Chi_Minh,69,943.0,51.0,17.2,26.0,21.0,3.0,2025-12-14T07:00:00
2025-12-14 15:00:00,Hoàn Kiếm,VN,Asia/Ho_Chi_Minh,76,1024.0,50.0,20.1,32.5,24.0,3.5,2025-12-14T08:00:00
2025-12-14 16:00:00,Hoàn Kiếm,VN,Asia/Ho_Chi_Minh,84,134.2,10.0,94.0,37.5,27.67,1.0,2025-12-14T09:00:00
2025-12-14 17:00:00,Hoàn Kiếm,VN,Asia/Ho_Chi_Minh,80,1266.0,45.0,28.0,34.5,26.0,3.5,2025-12-14T10:00:00
2025-12-14 18:00:00,Hoàn Kiếm,VN,Asia/Ho_Chi_Minh,91,3110.1,34.7,43.3,38.8,31.0,4.0,2025-12-14T11:00:00
2025-12-14 19:00:00,Hoàn Kiếm,VN,Asia/Ho_Chi_Minh,91,4598.0,47.0,18.0,41.0,31.0,5.5,2025-12-14T12:00:00
2025-12-14 20:00:00,Hoàn Kiếm,VN,Asia/Ho_Chi_Minh,112,1842.0,51.0,14.9,53.5,40.0,5.5,2025-12-14T13:00:00
2025-12-14 21:00:00,Hoàn Kiếm,VN,Asia/Ho_Chi_Minh,142,3419.0,54.0,3.8,72.5,51.0,13.5,2025-12-14T14:00:00
2025-12-14 22:00:00,Hoàn Kiếm,VN,Asia/Ho_Chi_Minh,160,1730.0,53.0,15.5,93.0,62.67,12.5,2025-12-14T15:00:00
2025-12-14 23:00:00,Hoàn Kiếm,VN,Asia/Ho_Chi_Minh,156,2757.0,53.0,13.0,80.0,60.0,13.5,2025-12-14T16:00:00
2025-12-15 00:00:00,Hoàn Kiếm,VN,Asia/Ho_Chi_Minh,139,1765.3,51.0,14.8,62.5,50.0,14.2,2025-12-14T17:00:00
2025-12-15 01:00:00,Hoàn Kiếm,VN,Asia/Ho_Chi_Minh,163,1783.0,50.0,14.4,86.5,65.0,15.0,2025-12-14T18:00:00
2025-12-15 02:00:00,Hoàn Kiếm,VN,Asia/Ho_Chi_Minh,172,1268.0,50.0,13.9,92.5,72.0,15.5,2025-12-14T19:00:00
2025-12-15 03:00:00,Hoàn Kiếm,VN,Asia/Ho_Chi_Minh,166,1328.0,48.0,7.2,89.5,67.67,11.0,2025-12-14T20:00:00
2025-12-15 04:00:00,Hoàn Kiếm,VN,Asia/Ho_Chi_Minh,159,1229.0,49.0,11.7,90.0,62.33,8.0,2025-12-14T21:00:00
2025-12-15 05:00:00,Hoàn Kiếm,VN,Asia/Ho_Chi_Minh,163,1088.0,48.0,16.9,87.0,65.0,5.5,2025-12-14T22:00:00
2025-12-15 06:00:00,Hoàn Kiếm,VN,Asia/Ho_Chi_Minh,131,1509.7,49.0,11.6,58.8,47.0,6.7,2025-12-14T23:00:00
2025-12-15 07:00:00,Hoàn Kiếm,VN,Asia/Ho_Chi_Minh,141,1650.0,49.0,11.5,70.5,50.67,6.0,2025-12-15T00:00:00
2025-12-15 08:00:00,Hoàn Kiếm,VN,Asia/Ho_Chi_Minh,146,2059.0,53.0,12.2,72.0,52.33,7.5,2025-12-15T01:00:00
2025-12-15 09:00:00,Hoàn Kiếm,VN,Asia/Ho_Chi_Minh,128,1112.5,91.0,12.3,65.7,45.75,11.3,2025-12-15T02:00:00
2025-12-15 10:00:00,Hoàn Kiếm,VN,Asia/Ho_Chi_Minh,157,1547.0,56.0,25.7,88.5,60.67,5.5,2025-12-15T03:00:00
2025-12-15 11:00:00,Hoàn Kiếm,VN,Asia/Ho_Chi_Minh,158,1590.0,53.0,22.4,81.5,61.5,9.0,2025-12-15T04:00:00
2025-12-15 12:00:00,Hoàn Kiếm,VN,Asia/Ho_Chi_Minh,152,1479.0,56.0,26.5,71.3,57.0,11.8,2025-12-15T05:00:00
2025-12-15 13:00:00,Hoàn Kiếm,VN,Asia/Ho_Chi_Minh,157,1445.0,56.0,26.9,78.5,60.67,15.0,2025-12-15T06:00:00
2025-12-15 14:00:00,Hoàn Kiếm,VN,Asia/Ho_Chi_Minh,160,1103.0,52.0,29.1,81.5,63.0,12.5,2025-12-15T07:00:00
2025-12-15 15:00:00,Hoàn Kiếm,VN,Asia/Ho_Chi_Minh,157,1272.0,50.0,24.4,84.0,61.0,11.0,2025-12-15T08:00:00
2025-12-15 16:00:00,Hoàn Kiếm,VN,Asia/Ho_Chi_Minh,157,1634.0,50.0,19.4,84.0,60.33,10.0,2025-12-15T09:00:00
2025-12-15 17:00:00,Hoàn Kiếm,VN,Asia/Ho_Chi_Minh,161,5294.0,60.0,15.6,85.5,64.0,12.5,2025-12-15T10:00:00
2025-12-15 18:00:00,Hoàn Kiếm,VN,Asia/Ho_Chi_Minh,152,1718.0,56.0,15.4,71.3,57.0,14.0,2025-12-15T11:00:00
2025-12-15 19:00:00,Hoàn Kiếm,VN,Asia/Ho_Chi_Minh,166,1760.0,59.0,13.3,94.0,67.33,16.0,2025-12-15T12:00:00
2025-12-15 20:00:00,Hoàn Kiếm,VN,Asia/Ho_Chi_Minh,174,1120.0,57.0,21.0,103.5,73.33,10.0,2025-12-15T13:00:00
2025-12-15 21:00:00,Hoàn Kiếm,VN,Asia/Ho_Chi_Minh,165,1322.0,52.0,15.4,97.5,66.33,8.0,2025-12-15T14:00:00
2025-12-15 22:00:00,Hoàn Kiếm,VN,Asia/Ho_Chi_Minh,160,1731.0,52.0,14.5,92.0,63.0,4.5,2025-12-15T15:00:00
2025-12-15 23:00:00,Hoàn Kiếm,VN,Asia/Ho_Chi_Minh,165,1513.0,51.0,19.8,89.5,67.0,4.0,2025-12-15T16:00:00
2025-12-16 00:00:00,Hoàn Kiếm,VN,Asia/Ho_Chi_Minh,108,302.0,146.0,6.5,104.0,38.5,95.0,2025-12-15T17:00:00
2025-12-16 01:00:00,Hoàn Kiếm,VN,Asia/Ho_Chi_Minh,152,666.0,123.0,13.1,94.7,54.75,35.3,2025-12-15T18:00:00
2025-12-16 02:00:00,Hoàn Kiếm,VN,Asia/Ho_Chi_Minh,151,636.0,178.0,8.2,95.0,56.5,38.7,2025-12-15T19:00:00
2025-12-16 03:00:00,Hoàn Kiếm,VN,Asia/Ho_Chi_Minh,155,648.0,171.0,6.9,97.0,59.0,40.3,2025-12-15T20:00:00
2025-12-16 04:00:00,Hoàn Kiếm,VN,Asia/Ho_Chi_Minh,152,630.5,170.5,6.9,98.7,57.0,44.0,2025-12-15T21:00:00
2025-12-16 05:00:00,Hoàn Kiếm,VN,Asia/Ho_Chi_Minh,156,1206.0,60.0,8.7,83.0,59.67,11.0,2025-12-15T22:00:00
2025-12-16 06:00:00,Hoàn Kiếm,VN,Asia/Ho_Chi_Minh,81,302.0,624.0,1.1,104.0,22.0,100.0,2025-12-15T23:00:00
2025-12-16 07:00:00,Hoàn Kiếm,VN,Asia/Ho_Chi_Minh,149,1081.5,366.0,1.7,95.0,53.5,43.3,2025-12-16T00:00:00
2025-12-16 08:00:00,Hoàn Kiếm,VN,Asia/Ho_Chi_Minh,154,403.0,365.5,7.2,106.7,58.5,46.0,2025-12-16T01:00:00
2025-12-16 09:00:00,Hoàn Kiếm,VN,Asia/Ho_Chi_Minh,163,2859.5,251.5,8.7,124.7,65.5,44.3,2025-12-16T02:00:00
2025-12-16 10:00:00,Hoàn Kiếm,VN,Asia/Ho_Chi_Minh,169,1908.5,246.0,9.8,130.3,69.5,41.0,2025-12-16T03:00:00
2025-12-16 11:00:00,Hoàn Kiếm,VN,Asia/Ho_Chi_Minh,198,2622.0,69.0,21.2,122.0,91.5,8.0,2025-12-16T04:00:00
2025-12-16 12:00:00,Hoàn Kiếm,VN,Asia/Ho_Chi_Minh,133,1008.0,393.0,11.9,116.0,47.5,100.0,2025-12-16T05:00:00
2025-12-16 13:00:00,Hoàn Kiếm,VN,Asia/Ho_Chi_Minh,187,2478.0,65.0,9.6,116.0,83.0,9.0,2025-12-16T06:00:00
2025-12-16 14:00:00,Hoàn Kiếm,VN,Asia/Ho_Chi_Minh,163,2303.0,170.5,32.5,109.0,65.5,41.7,2025-12-16T07:00:00
2025-12-16 15:00:00,Hoàn Kiếm,VN,Asia/Ho_Chi_Minh,190,2601.0,66.0,22.4,124.5,85.33,8.5,2025-12-16T08:00:00
2025-12-16 16:00:00,Hoàn Kiếm,VN,Asia/Ho_Chi_Minh,172,1252.5,200.0,23.9,120.0,72.2,31.7,2025-12-16T09:00:00
2025-12-16 17:00:00,Hoàn Kiếm,VN,Asia/Ho_Chi_Minh,199,2819.0,65.0,22.0,123.7,92.33,5.0,2025-12-16T10:00:00
2025-12-16 18:00:00,Hoàn Kiếm,VN,Asia/Ho_Chi_Minh,152,706.0,354.0,11.9,122.0,57.0,95.0,2025-12-16T11:00:00
2025-12-16 19:00:00,Hoàn Kiếm,VN,Asia/Ho_Chi_Minh,221,270.8,68.0,31.2,162.0,109.0,6.0,2025-12-16T12:00:00
2025-12-16 20:00:00,Hoàn Kiếm,VN,Asia/Ho_Chi_Minh,202,706.0,198.5,18.2,155.3,94.75,41.5,2025-12-16T13:00:00
2025-12-16 21:00:00,Hoàn Kiếm,VN,Asia/Ho_Chi_Minh,208,2477.0,87.0,13.4,148.0,99.4,14.7,2025-12-16T14:00:00
2025-12-16 22:00:00,Hoàn Kiếm,VN,Asia/Ho_Chi_Minh,226,2228.0,159.7,14.9,166.3,112.8,38.7,2025-12-16T15:00:00
2025-12-16 23:00:00,Hoàn Kiếm,VN,Asia/Ho_Chi_Minh,250,1645.0,30.0,17.7,174.0,130.67,3.0,2025-12-16T16:00:00
2025-12-17 00:00:00,Hoàn Kiếm,VN,Asia/Ho_Chi_Minh,191,1512.0,100.0,6.5,106.0,86.5,26.0,2025-12-16T17:00:00
2025-12-17 01:00:00,Hoàn Kiếm,VN,Asia/Ho_Chi_Minh,245,1623.0,61.0,14.1,154.0,126.67,4.0,2025-12-16T18:00:00
2025-12-17 02:00:00,Hoàn Kiếm,VN,Asia/Ho_Chi_Minh,235,1561.0,56.0,24.9,152.3,119.25,5.0,2025-12-16T19:00:00
2025-12-17 03:00:00,Hoàn Kiếm,VN,Asia/Ho_Chi_Minh,211,1041.0,120.0,6.0,141.3,101.0,37.0,2025-12-16T20:00:00
2025-12-17 04:00:00,Hoàn Kiếm,VN,Asia/Ho_Chi_Minh,240,1703.0,56.0,28.6,155.3,122.75,4.0,2025-12-16T21:00:00
2025-12-17 05:00:00,Hoàn Kiếm,VN,Asia/Ho_Chi_Minh,233,1842.0,56.0,18.5,157.0,118.0,4.5,2025-12-16T22:00:00
2025-12-17 06:00:00,Hoàn Kiếm,VN,Asia/Ho_Chi_Minh,248,2943.0,55.3,1.7,136.0,129.5,6.0,2025-12-16T23:00:00
2025-12-17 07:00:00,Hoàn Kiếm,VN,Asia/Ho_Chi_Minh,260,136.6,55.0,20.0,170.5,138.0,3.0,2025-12-17T00:00:00
2025-12-17 08:00:00,Hoàn Kiếm,VN,Asia/Ho_Chi_Minh,242,4199.0,61.0,18.0,155.7,124.5,6.0,2025-12-17T01:00:00
2025-12-17 09:00:00,Hoàn Kiếm,VN,Asia/Ho_Chi_Minh,222,1317.5,31.0,9.1,135.7,109.5,3.0,2025-12-17T02:00:00
2025-12-17 10:00:00,Hoàn Kiếm,VN,Asia/Ho_Chi_Minh,218,1908.0,55.0,6.7,128.0,106.33,4.0,2025-12-17T03:00:00
2025-12-17 11:00:00,Hoàn Kiếm,VN,Asia/Ho_Chi_Minh,191,1893.0,52.0,9.7,115.5,86.5,4.5,2025-12-17T04:00:00
2025-12-17 12:00:00,Hoàn Kiếm,VN,Asia/Ho_Chi_Minh,195,1262.7,54.0,31.4,118.0,89.5,4.0,2025-12-17T05:00:00
2025-12-17 13:00:00,Hoàn Kiếm,VN,Asia/Ho_Chi_Minh,159,940.0,7.0,56.9,72.0,62.33,5.0,2025-12-17T06:00:00
2025-12-17 14:00:00,Hoàn Kiếm,VN,Asia/Ho_Chi_Minh,139,900.0,48.0,58.1,60.7,50.0,5.0,2025-12-17T07:00:00
2025-12-17 15:00:00,Hoàn Kiếm,VN,Asia/Ho_Chi_Minh,127,3417.0,50.0,15.9,54.7,45.5,4.0,2025-12-17T08:00:00
2025-12-17 16:00:00,Hoàn Kiếm,VN,Asia/Ho_Chi_Minh,138,1930.0,57.0,16.6,61.7,49.5,3.0,2025-12-17T09:00:00
2025-12-17 17:00:00,Hoàn Kiếm,VN,Asia/Ho_Chi_Minh,152,5028.0,64.0,15.6,76.0,57.0,5.0,2025-12-17T10:00:00
2025-12-17 18:00:00,Hoàn Kiếm,VN,Asia/Ho_Chi_Minh,192,3384.0,63.0,24.7,108.8,87.0,4.3,2025-12-17T11:00:00
2025-12-17 19:00:00,Hoàn Kiếm,VN,Asia/Ho_Chi_Minh,190,4111.0,66.0,28.8,106.7,85.25,5.0,2025-12-17T12:00:00
2025-12-17 20:00:00,Hoàn Kiếm,VN,Asia/Ho_Chi_Minh,221,3121.0,66.0,17.8,137.0,108.75,5.0,2025-12-17T13:00:00
2025-12-17 21:00:00,Hoàn Kiếm,VN,Asia/Ho_Chi_Minh,244,5237.0,63.0,14.7,155.7,126.5,6.5,2025-12-17T14:00:00
2025-12-17 22:00:00,Hoàn Kiếm,VN,Asia/Ho_Chi_Minh,240,186.8,16.0,17.8,149.7,123.25,79.0,2025-12-17T15:00:00
2025-12-17 23:00:00,Hoàn Kiếm,VN,Asia/Ho_Chi_Minh,211,1450.0,54.0,25.7,135.0,101.0,3.0,2025-12-17T16:00:00
2025-12-18 00:00:00,Hoàn Kiếm,VN,Asia/Ho_Chi_Minh,261,1294.6,67.0,17.2,173.8,139.0,35.4,2025-12-17T17:00:00
2025-12-18 01:00:00,Hoàn Kiếm,VN,Asia/Ho_Chi_Minh,176,1848.5,92.5,16.9,105.3,75.0,13.7,2025-12-17T18:00:00
2025-12-18 02:00:00,Hoàn Kiếm,VN,Asia/Ho_Chi_Minh,168,1580.5,86.5,18.1,97.3,68.6,16.7,2025-12-17T19:00:00
2025-12-18 03:00:00,Hoàn Kiếm,VN,Asia/Ho_Chi_Minh,169,1464.0,49.0,28.2,92.0,69.5,4.0,2025-12-17T20:00:00
2025-12-18 04:00:00,Hoàn Kiếm,VN,Asia/Ho_Chi_Minh,170,1306.0,48.0,26.8,93.7,70.5,2.5,2025-12-17T21:00:00
2025-12-18 05:00:00,Hoàn Kiếm,VN,Asia/Ho_Chi_Minh,160,1262.0,48.0,19.2,83.5,63.0,2.5,2025-12-17T22:00:00
2025-12-18 06:00:00,Hoàn Kiếm,VN,Asia/Ho_Chi_Minh,173,1324.0,34.3,19.9,91.3,73.0,3.2,2025-12-17T23:00:00
2025-12-18 07:00:00,Hoàn Kiếm,VN,Asia/Ho_Chi_Minh,164,1333.0,27.5,16.4,87.7,66.0,3.5,2025-12-18T00:00:00
2025-12-18 08:00:00,Hoàn Kiếm,VN,Asia/Ho_Chi_Minh,168,1635.0,57.0,17.1,93.5,69.0,5.0,2025-12-18T01:00:00
2025-12-18 09:00:00,Hoàn Kiếm,VN,Asia/Ho_Chi_Minh,163,1108.0,26.5,28.1,88.0,65.5,4.0,2025-12-18T02:00:00
2025-12-18 10:00:00,Hoàn Kiếm,VN,Asia/Ho_Chi_Minh,157,1164.0,53.0,19.8,77.5,60.67,4.0,2025-12-18T03:00:00
2025-12-18 11:00:00,Hoàn Kiếm,VN,Asia/Ho_Chi_Minh,138,1320.0,26.0,26.4,66.0,49.33,4.0,2025-12-18T04:00:00
2025-12-18 12:00:00,Hoàn Kiếm,VN,Asia/Ho_Chi_Minh,163,1159.3,53.0,89.9,81.3,65.0,4.3,2025-12-18T05:00:00
2025-12-18 13:00:00,Hoàn Kiếm,VN,Asia/Ho_Chi_Minh,143,1157.0,53.0,125.0,68.0,51.33,4.5,2025-12-18T06:00:00
2025-12-18 14:00:00,Hoàn Kiếm,VN,Asia/Ho_Chi_Minh,135,1259.0,50.0,56.3,62.0,48.33,5.5,2025-12-18T07:00:00
2025-12-18 15:00:00,Hoàn Kiếm,VN,Asia/Ho_Chi_Minh,152,1816.0,52.0,59.1,74.0,54.5,5.5,2025-12-18T08:00:00
2025-12-18 16:00:00,Hoàn Kiếm,VN,Asia/Ho_Chi_Minh,128,1238.0,61.7,56.2,67.5,45.8,7.7,2025-12-18T09:00:00
2025-12-18 17:00:00,Hoàn Kiếm,VN,Asia/Ho_Chi_Minh,162,3168.0,66.0,23.4,86.0,64.5,5.5,2025-12-18T10:00:00
2025-12-18 18:00:00,Hoàn Kiếm,VN,Asia/Ho_Chi_Minh,155,2955.3,65.2,34.2,73.8,59.0,6.6,2025-12-18T11:00:00
2025-12-18 19:00:00,Hoàn Kiếm,VN,Asia/Ho_Chi_Minh,192,3814.0,67.0,23.2,113.3,86.75,6.0,2025-12-18T12:00:00
2025-12-18 20:00:00,Hoàn Kiếm,VN,Asia/Ho_Chi_Minh,225,2949.0,72.0,13.0,152.3,111.5,6.0,2025-12-18T13:00:00
2025-12-18 21:00:00,Hoàn Kiếm,VN,Asia/Ho_Chi_Minh,249,1963.0,67.0,14.3,180.7,129.75,6.0,2025-12-18T14:00:00
2025-12-18 22:00:00,Hoàn Kiếm,VN,Asia/Ho_Chi_Minh,242,1860.0,59.0,10.9,162.0,124.33,4.5,2025-12-18T15:00:00
2025-12-18 23:00:00,Hoàn Kiếm,VN,Asia/Ho_Chi_Minh,223,2231.0,61.0,3.9,146.5,110.0,5.0,2025-12-18T16:00:00
2025-12-19 00:00:00,Hoàn Kiếm,VN,Asia/Ho_Chi_Minh,250,1710.0,144.3,12.1,163.8,131.0,21.5,2025-12-18T17:00:00
2025-12-19 01:00:00,Hoàn Kiếm,VN,Asia/Ho_Chi_Minh,207,1635.0,187.0,12.6,140.8,98.2,30.0,2025-12-18T18:00:00
2025-12-19 02:00:00,Hoàn Kiếm,VN,Asia/Ho_Chi_Minh,218,1192.0,173.5,12.0,149.8,106.2,33.0,2025-12-18T19:00:00
2025-12-19 03:00:00,Hoàn Kiếm,VN,Asia/Ho_Chi_Minh,217,907.0,231.0,3.2,145.5,105.8,89.0,2025-12-18T20:00:00
2025-12-19 04:00:00,Hoàn Kiếm,VN,Asia/Ho_Chi_Minh,228,1188.0,178.7,10.7,153.5,114.2,28.7,2025-12-18T21:00:00
2025-12-19 05:00:00,Hoàn Kiếm,VN,Asia/Ho_Chi_Minh,216,2482.0,55.0,23.3,140.0,105.0,5.5,2025-12-18T22:00:00
2025-12-19 06:00:00,Hoàn Kiếm,VN,Asia/Ho_Chi_Minh,168,1814.0,85.0,16.7,257.0,168.0,21.0,2025-12-18T23:00:00
2025-12-19 07:00:00,Hoàn Kiếm,VN,Asia/Ho_Chi_Minh,270,2040.5,66.0,8.9,205.7,145.75,8.0,2025-12-19T00:00:00
2025-12-19 08:00:00,Hoàn Kiếm,VN,Asia/Ho_Chi_Minh,151,2319.0,45.7,18.4,200.5,150.8,9.3,2025-12-19T01:00:00
2025-12-19 09:00:00,Hoàn Kiếm,VN,Asia/Ho_Chi_Minh,253,1837.0,163.5,9.5,166.7,133.0,35.7,2025-12-19T02:00:00
2025-12-19 10:00:00,Hoàn Kiếm,VN,Asia/Ho_Chi_Minh,222,1368.0,105.7,16.5,143.3,109.2,32.7,2025-12-19T03:00:00
2025-12-19 11:00:00,Hoàn Kiếm,VN,Asia/Ho_Chi_Minh,193,1244.0,50.0,42.9,117.0,87.5,6.5,2025-12-19T04:00:00
2025-12-19 12:00:00,Hoàn Kiếm,VN,Asia/Ho_Chi_Minh,227,1008.0,262.0,4.3,166.0,113.0,84.0,2025-12-19T05:00:00
2025-12-19 13:00:00,Hoàn Kiếm,VN,Asia/Ho_Chi_Minh,193,992.0,51.0,58.5,88.0,88.0,9.5,2025-12-19T06:00:00
2025-12-19 14:00:00,Hoàn Kiếm,VN,Asia/Ho_Chi_Minh,181,1224.0,55.0,24.1,86.3,79.0,7.0,2025-12-19T07:00:00
2025-12-19 15:00:00,Hoàn Kiếm,VN,Asia/Ho_Chi_Minh,181,1730.0,55.0,45.5,86.0,78.5,7.5,2025-12-19T08:00:00
2025-12-19 16:00:00,Hoàn Kiếm,VN,Asia/Ho_Chi_Minh,180,2100.0,49.0,40.9,85.0,78.0,5.0,2025-12-19T09:00:00
2025-12-19 17:00:00,Hoàn Kiếm,VN,Asia/Ho_Chi_Minh,169,3139.0,30.5,43.7,93.0,69.33,4.5,2025-12-19T10:00:00
2025-12-19 18:00:00,Hoàn Kiếm,VN,Asia/Ho_Chi_Minh,232,824.1,55.0,34.5,146.3,117.0,4.3,2025-12-19T11:00:00
2025-12-19 19:00:00,Hoàn Kiếm,VN,Asia/Ho_Chi_Minh,218,186.2,58.0,31.4,117.0,106.5,4.0,2025-12-19T12:00:00
2025-12-19 20:00:00,Hoàn Kiếm,VN,Asia/Ho_Chi_Minh,193,1273.0,59.0,4.3,96.0,88.0,4.5,2025-12-19T13:00:00
2025-12-19 21:00:00,Hoàn Kiếm,VN,Asia/Ho_Chi_Minh,176,5781.0,30.5,17.4,106.0,74.67,33.0,2025-12-19T14:00:00
2025-12-19 22:00:00,Hoàn Kiếm,VN,Asia/Ho_Chi_Minh,167,147.7,8.0,52.0,100.7,68.33,89.0,2025-12-19T15:00:00
2025-12-19 23:00:00,Hoàn Kiếm,VN,Asia/Ho_Chi_Minh,150,1950.0,48.0,29.7,74.3,55.67,3.5,2025-12-19T16:00:00
2025-12-20 00:00:00,Hoàn Kiếm,VN,Asia/Ho_Chi_Minh,192,1124.6,34.7,35.0,108.8,87.0,32.7,2025-12-19T17:00:00
2025-12-20 01:00:00,Hoàn Kiếm,VN,Asia/Ho_Chi_Minh,155,1613.0,48.0,26.6,68.7,59.5,4.5,2025-12-19T18:00:00
2025-12-20 02:00:00,Hoàn Kiếm,VN,Asia/Ho_Chi_Minh,158,921.0,48.0,60.5,72.0,61.25,5.5,2025-12-19T19:00:00
2025-12-20 03:00:00,Hoàn Kiếm,VN,Asia/Ho_Chi_Minh,165,884.0,47.0,14.9,68.0,66.33,4.5,2025-12-19T20:00:00
2025-12-20 04:00:00,Hoàn Kiếm,VN,Asia/Ho_Chi_Minh,160,1040.0,47.0,33.7,63.0,63.0,31.0,2025-12-19T21:00:00
2025-12-20 05:00:00,Hoàn Kiếm,VN,Asia/Ho_Chi_Minh,146,1017.0,44.0,31.9,70.0,52.33,3.5,2025-12-19T22:00:00
2025-12-20 06:00:00,Hoàn Kiếm,VN,Asia/Ho_Chi_Minh,196,968.7,33.7,26.9,90.0,90.0,13.3,2025-12-19T23:00:00
2025-12-20 07:00:00,Hoàn Kiếm,VN,Asia/Ho_Chi_Minh,182,933.0,27.0,30.8,83.0,79.5,4.5,2025-12-20T00:00:00
2025-12-20 08:00:00,Hoàn Kiếm,VN,Asia/Ho_Chi_Minh,165,1440.0,56.0,72.7,67.0,67.0,3.5,2025-12-20T01:00:00
2025-12-20 09:00:00,Hoàn Kiếm,VN,Asia/Ho_Chi_Minh,188,5907.0,54.0,17.5,84.0,84.0,4.5,2025-12-20T02:00:00
2025-12-20 10:00:00,Hoàn Kiếm,VN,Asia/Ho_Chi_Minh,185,1171.0,149.0,23.9,109.0,81.4,38.3,2025-12-20T03:00:00
2025-12-20 11:00:00,Hoàn Kiếm,VN,Asia/Ho_Chi_Minh,175,1526.0,55.0,43.8,99.0,74.0,4.0,2025-12-20T04:00:00
2025-12-20 12:00:00,Hoàn Kiếm,VN,Asia/Ho_Chi_Minh,191,1109.0,43.0,60.1,98.0,86.33,231.0,2025-12-20T05:00:00
2025-12-20 13:00:00,Hoàn Kiếm,VN,Asia/Ho_Chi_Minh,190,2031.0,54.0,55.2,86.5,85.67,4.5,2025-12-20T06:00:00
2025-12-20 14:00:00,Hoàn Kiếm,VN,Asia/Ho_Chi_Minh,185,1298.0,30.0,151.5,90.3,82.0,4.5,2025-12-20T07:00:00
2025-12-20 15:00:00,Hoàn Kiếm,VN,Asia/Ho_Chi_Minh,166,1495.0,40.5,29.3,79.7,67.25,6.7,2025-12-20T08:00:00
2025-12-20 16:00:00,Hoàn Kiếm,VN,Asia/Ho_Chi_Minh,166,403.0,93.0,20.5,85.5,67.6,89.0,2025-12-20T09:00:00
2025-12-20 17:00:00,Hoàn Kiếm,VN,Asia/Ho_Chi_Minh,170,2742.0,30.5,43.7,94.3,70.67,4.5,2025-12-20T10:00:00
2025-12-20 18:00:00,Hoàn Kiếm,VN,Asia/Ho_Chi_Minh,161,403.0,185.0,20.5,64.0,64.0,89.0,2025-12-20T11:00:00
2025-12-20 19:00:00,Hoàn Kiếm,VN,Asia/Ho_Chi_Minh,179,1222.5,123.5,25.4,84.7,77.25,31.7,2025-12-20T12:00:00
2025-12-20 20:00:00,Hoàn Kiếm,VN,Asia/Ho_Chi_Minh,193,1352.0,56.0,23.4,97.3,87.75,4.5,2025-12-20T13:00:00
2025-12-20 21:00:00,Hoàn Kiếm,VN,Asia/Ho_Chi_Minh,169,2356.0,53.0,21.7,76.7,70.0,4.0,2025-12-20T14:00:00
2025-12-20 22:00:00,Hoàn Kiếm,VN,Asia/Ho_Chi_Minh,160,1913.0,53.0,34.8,76.7,63.0,121.0,2025-12-20T15:00:00
2025-12-20 23:00:00,Hoàn Kiếm,VN,Asia/Ho_Chi_Minh,137,1300.0,53.0,25.9,65.0,49.0,3.0,2025-12-20T16:00:00
2025-12-21 00:00:00,Hoàn Kiếm,VN,Asia/Ho_Chi_Minh,129,706.0,31.0,9.7,70.0,46.0,11.0,2025-12-20T17:00:00
2025-12-21 01:00:00,Hoàn Kiếm,VN,Asia/Ho_Chi_Minh,148,831.0,57.5,12.5,84.0,53.0,7.3,2025-12-20T18:00:00
2025-12-21 02:00:00,Hoàn Kiếm,VN,Asia/Ho_Chi_Minh,153,949.0,54.5,33.4,84.0,57.8,14.0,2025-12-20T19:00:00
2025-12-21 03:00:00,Hoàn Kiếm,VN,Asia/Ho_Chi_Minh,159,998.5,50.0,19.9,91.0,62.0,5.7,2025-12-20T20:00:00
2025-12-21 04:00:00,Hoàn Kiếm,VN,Asia/Ho_Chi_Minh,163,1125.5,61.0,21.6,96.8,65.2,4.0,2025-12-20T21:00:00
2025-12-21 05:00:00,Hoàn Kiếm,VN,Asia/Ho_Chi_Minh,140,1405.0,28.5,22.0,67.0,50.33,2.5,2025-12-20T22:00:00
2025-12-21 06:00:00,Hoàn Kiếm,VN,Asia/Ho_Chi_Minh,196,806.0,77.0,8.6,192.0,90.0,16.0,2025-12-20T23:00:00
2025-12-21 07:00:00,Hoàn Kiếm,VN,Asia/Ho_Chi_Minh,183,2752.0,59.5,11.5,124.7,80.0,7.3,2025-12-21T00:00:00
2025-12-21 08:00:00,Hoàn Kiếm,VN,Asia/Ho_Chi_Minh,190,2486.5,74.5,32.2,123.8,85.2,5.0,2025-12-21T01:00:00
2025-12-21 09:00:00,Hoàn Kiếm,VN,Asia/Ho_Chi_Minh,197,1713.0,65.5,23.3,125.3,91.0,7.7,2025-12-21T02:00:00
2025-12-21 10:00:00,Hoàn Kiếm,VN,Asia/Ho_Chi_Minh,191,1927.0,59.5,34.0,114.8,86.6,13.0,2025-12-21T03:00:00
2025-12-21 11:00:00,Hoàn Kiếm,VN,Asia/Ho_Chi_Minh,178,1721.0,48.0,153.1,102.0,76.33,4.5,2025-12-21T04:00:00
2025-12-21 12:00:00,Hoàn Kiếm,VN,Asia/Ho_Chi_Minh,181,907.0,62.0,10.8,90.0,79.0,11.0,2025-12-21T05:00:00
2025-12-21 13:00:00,Hoàn Kiếm,VN,Asia/Ho_Chi_Minh,166,915.5,47.5,76.4,77.3,67.8,8.7,2025-12-21T06:00:00
2025-12-21 14:00:00,Hoàn Kiếm,VN,Asia/Ho_Chi_Minh,151,930.0,45.0,77.7,63.5,55.8,19.0,2025-12-21T07:00:00
2025-12-21 15:00:00,Hoàn Kiếm,VN,Asia/Ho_Chi_Minh,149,967.0,44.0,118.8,60.0,53.6,19.7,2025-12-21T08:00:00
2025-12-21 16:00:00,Hoàn Kiếm,VN,Asia/Ho_Chi_Minh,148,706.0,20.5,94.5,60.5,53.2,47.0,2025-12-21T09:00:00
2025-12-21 17:00:00,Hoàn Kiếm,VN,Asia/Ho_Chi_Minh,160,2527.0,56.0,41.5,83.5,63.0,4.0,2025-12-21T10:00:00
2025-12-21 18:00:00,Hoàn Kiếm,VN,Asia/Ho_Chi_Minh,235,2253.3,52.2,49.4,148.8,119.0,18.3,2025-12-21T11:00:00
2025-12-21 19:00:00,Hoàn Kiếm,VN,Asia/Ho_Chi_Minh,200,3027.0,68.0,26.9,106.7,93.25,4.0,2025-12-21T12:00:00
2025-12-21 20:00:00,Hoàn Kiếm,VN,Asia/Ho_Chi_Minh,228,2512.0,82.0,21.5,137.7,114.0,5.0,2025-12-21T13:00:00
2025-12-21 21:00:00,Hoàn Kiếm,VN,Asia/Ho_Chi_Minh,232,2350.0,61.0,18.5,140.3,116.75,5.0,2025-12-21T14:00:00
2025-12-21 22:00:00,Hoàn Kiếm,VN,Asia/Ho_Chi_Minh,217,226.4,25.0,28.0,128.7,106.0,96.0,2025-12-21T15:00:00
2025-12-21 23:00:00,Hoàn Kiếm,VN,Asia/Ho_Chi_Minh,192,1886.0,29.5,27.2,115.3,86.67,3.0,2025-12-21T16:00:00
2025-12-22 00:00:00,Hoàn Kiếm,VN,Asia/Ho_Chi_Minh,256,1176.1,31.0,24.7,168.8,135.0,34.0,2025-12-21T17:00:00
2025-12-22 01:00:00,Hoàn Kiếm,VN,Asia/Ho_Chi_Minh,213,1651.0,34.0,23.0,119.7,102.75,3.0,2025-12-21T18:00:00
2025-12-22 02:00:00,Hoàn Kiếm,VN,Asia/Ho_Chi_Minh,222,2020.0,67.0,17.4,126.0,109.67,4.5,2025-12-21T19:00:00
2025-12-22 03:00:00,Hoàn Kiếm,VN,Asia/Ho_Chi_Minh,231,1866.0,55.0,10.1,137.0,116.0,3.5,2025-12-21T20:00:00
2025-12-22 04:00:00,Hoàn Kiếm,VN,Asia/Ho_Chi_Minh,229,1591.0,55.0,26.6,133.3,115.0,2.5,2025-12-21T21:00:00
2025-12-22 05:00:00,Hoàn Kiếm,VN,Asia/Ho_Chi_Minh,208,1630.0,56.0,25.1,132.0,99.33,2.5,2025-12-21T22:00:00
2025-12-22 06:00:00,Hoàn Kiếm,VN,Asia/Ho_Chi_Minh,160,692.6,59.7,19.5,200.0,160.0,3.5,2025-12-21T23:00:00
2025-12-22 07:00:00,Hoàn Kiếm,VN,Asia/Ho_Chi_Minh,261,243.4,62.0,15.9,139.0,139.0,4.0,2025-12-22T00:00:00
2025-12-22 08:00:00,Hoàn Kiếm,VN,Asia/Ho_Chi_Minh,235,1310.0,399.5,8.3,158.0,119.33,50.0,2025-12-22T01:00:00
2025-12-22 09:00:00,Hoàn Kiếm,VN,Asia/Ho_Chi_Minh,225,2057.5,184.0,14.4,142.3,111.8,39.7,2025-12-22T02:00:00
2025-12-22 10:00:00,Hoàn Kiếm,VN,Asia/Ho_Chi_Minh,219,1911.0,57.0,19.4,108.5,107.67,4.0,2025-12-22T03:00:00
2025-12-22 11:00:00,Hoàn Kiếm,VN,Asia/Ho_Chi_Minh,160,1882.0,49.0,27.9,84.5,63.0,4.5,2025-12-22T04:00:00
2025-12-22 12:00:00,Hoàn Kiếm,VN,Asia/Ho_Chi_Minh,160,1377.7,50.3,32.9,200.0,160.0,4.3,2025-12-22T05:00:00
2025-12-22 13:00:00,Hoàn Kiếm,VN,Asia/Ho_Chi_Minh,161,1111.0,47.0,39.7,68.3,63.75,4.5,2025-12-22T06:00:00
2025-12-22 14:00:00,Hoàn Kiếm,VN,Asia/Ho_Chi_Minh,114,953.5,37.3,38.9,54.8,40.4,39.0,2025-12-22T07:00:00
2025-12-22 15:00:00,Hoàn Kiếm,VN,Asia/Ho_Chi_Minh,109,829.0,66.0,26.5,55.0,38.75,37.7,2025-12-22T08:00:00
2025-12-22 16:00:00,Hoàn Kiếm,VN,Asia/Ho_Chi_Minh,110,1264.5,66.0,34.0,55.0,39.0,84.0,2025-12-22T09:00:00
2025-12-22 17:00:00,Hoàn Kiếm,VN,Asia/Ho_Chi_Minh,123,2468.0,50.0,52.1,58.7,44.0,4.0,2025-12-22T10:00:00
2025-12-22 18:00:00,Hoàn Kiếm,VN,Asia/Ho_Chi_Minh,104,403.0,54.0,18.4,62.0,37.0,100.0,2025-12-22T11:00:00
2025-12-22 19:00:00,Hoàn Kiếm,VN,Asia/Ho_Chi_Minh,145,1055.5,52.5,42.5,69.3,52.0,37.7,2025-12-22T12:00:00
2025-12-22 20:00:00,Hoàn Kiếm,VN,Asia/Ho_Chi_Minh,154,2439.0,52.5,34.3,76.3,58.4,32.7,2025-12-22T13:00:00
2025-12-22 21:00:00,Hoàn Kiếm,VN,Asia/Ho_Chi_Minh,152,921.0,32.5,37.1,75.0,56.8,36.3,2025-12-22T14:00:00
2025-12-22 22:00:00,Hoàn Kiếm,VN,Asia/Ho_Chi_Minh,152,1465.0,31.0,59.4,77.3,57.2,41.0,2025-12-22T15:00:00
2025-12-22 23:00:00,Hoàn Kiếm,VN,Asia/Ho_Chi_Minh,130,1287.0,45.0,82.5,62.3,46.67,3.5,2025-12-22T16:00:00
2025-12-23 00:00:00,Hoàn Kiếm,VN,Asia/Ho_Chi_Minh,165,403.0,31.0,13.0,112.0,67.0,110.0,2025-12-22T17:00:00
2025-12-23 01:00:00,Hoàn Kiếm,VN,Asia/Ho_Chi_Minh,145,600.5,18.3,61.6,71.8,52.0,37.3,2025-12-22T18:00:00
2025-12-23 02:00:00,Hoàn Kiếm,VN,Asia/Ho_Chi_Minh,153,548.5,27.0,19.8,80.0,55.0,39.3,2025-12-22T19:00:00
2025-12-23 03:00:00,Hoàn Kiếm,VN,Asia/Ho_Chi_Minh,144,577.5,25.3,29.3,73.5,51.6,37.0,2025-12-22T20:00:00
2025-12-23 04:00:00,Hoàn Kiếm,VN,Asia/Ho_Chi_Minh,154,582.0,51.5,25.3,78.3,55.25,30.0,2025-12-22T21:00:00
2025-12-23 05:00:00,Hoàn Kiếm,VN,Asia/Ho_Chi_Minh,119,934.0,44.0,38.2,57.0,42.5,3.0,2025-12-22T22:00:00
2025-12-23 06:00:00,Hoàn Kiếm,VN,Asia/Ho_Chi_Minh,163,302.0,39.0,8.6,114.0,65.5,100.0,2025-12-22T23:00:00
2025-12-23 07:00:00,Hoàn Kiếm,VN,Asia/Ho_Chi_Minh,141,1624.0,42.5,21.0,77.8,50.6,39.3,2025-12-23T00:00:00
2025-12-23 08:00:00,Hoàn Kiếm,VN,Asia/Ho_Chi_Minh,136,934.0,66.3,31.1,76.8,48.6,32.3,2025-12-23T01:00:00
2025-12-23 09:00:00,Hoàn Kiếm,VN,Asia/Ho_Chi_Minh,119,824.0,54.5,14.3,71.0,42.5,37.0,2025-12-23T02:00:00
2025-12-23 10:00:00,Hoàn Kiếm,VN,Asia/Ho_Chi_Minh,127,1167.5,34.7,22.5,69.0,45.4,38.7,2025-12-23T03:00:00
2025-12-23 11:00:00,Hoàn Kiếm,VN,Asia/Ho_Chi_Minh,119,2122.0,49.0,22.4,56.5,42.5,2.0,2025-12-23T04:00:00
2025-12-23 12:00:00,Hoàn Kiếm,VN,Asia/Ho_Chi_Minh,118,403.0,62.0,9.7,74.0,42.0,105.0,2025-12-23T05:00:00
2025-12-23 13:00:00,Hoàn Kiếm,VN,Asia/Ho_Chi_Minh,104,717.0,26.0,27.5,56.3,36.75,38.0,2025-12-23T06:00:00
2025-12-23 14:00:00,Hoàn Kiếm,VN,Asia/Ho_Chi_Minh,104,749.5,29.0,54.3,54.0,37.0,41.3,2025-12-23T07:00:00
2025-12-23 15:00:00,Hoàn Kiếm,VN,Asia/Ho_Chi_Minh,102,751.5,51.0,32.2,53.5,36.0,37.7,2025-12-23T08:00:00
2025-12-23 16:00:00,Hoàn Kiếm,VN,Asia/Ho_Chi_Minh,103,1329.0,69.0,35.8,53.5,36.4,43.0,2025-12-23T09:00:00
2025-12-23 17:00:00,Hoàn Kiếm,VN,Asia/Ho_Chi_Minh,120,2551.0,51.0,37.7,57.0,42.67,3.5,2025-12-23T10:00:00
2025-12-23 18:00:00,Hoàn Kiếm,VN,Asia/Ho_Chi_Minh,83,302.0,39.0,15.1,43.0,27.5,84.0,2025-12-23T11:00:00
2025-12-23 19:00:00,Hoàn Kiếm,VN,Asia/Ho_Chi_Minh,109,1008.0,53.0,41.0,56.5,38.6,39.0,2025-12-23T12:00:00
2025-12-23 20:00:00,Hoàn Kiếm,VN,Asia/Ho_Chi_Minh,151,952.0,67.5,37.1,62.0,54.4,32.0,2025-12-23T13:00:00
2025-12-23 21:00:00,Hoàn Kiếm,VN,Asia/Ho_Chi_Minh,140,1794.5,39.5,19.2,62.3,50.2,36.7,2025-12-23T14:00:00
2025-12-23 22:00:00,Hoàn Kiếm,VN,Asia/Ho_Chi_Minh,145,302.0,27.0,41.4,65.0,52.25,59.5,2025-12-23T15:00:00
2025-12-23 23:00:00,Hoàn Kiếm,VN,Asia/Ho_Chi_Minh,116,1387.0,45.0,56.9,54.7,41.33,3.0,2025-12-23T16:00:00
2025-12-24 00:00:00,Hoàn Kiếm,VN,Asia/Ho_Chi_Minh,171,302.0,15.0,13.0,84.0,71.5,105.0,2025-12-23T17:00:00
2025-12-24 01:00:00,Hoàn Kiếm,VN,Asia/Ho_Chi_Minh,130,754.0,35.0,44.8,60.0,46.4,32.0,2025-12-23T18:00:00
2025-12-24 02:00:00,Hoàn Kiếm,VN,Asia/Ho_Chi_Minh,131,496.5,34.5,55.4,60.3,46.8,35.0,2025-12-23T19:00:00
2025-12-24 03:00:00,Hoàn Kiếm,VN,Asia/Ho_Chi_Minh,125,506.0,33.0,28.4,59.5,44.8,35.0,2025-12-23T20:00:00
2025-12-24 04:00:00,Hoàn Kiếm,VN,Asia/Ho_Chi_Minh,129,569.0,32.5,32.2,61.0,46.0,35.0,2025-12-23T21:00:00
2025-12-24 05:00:00,Hoàn Kiếm,VN,Asia/Ho_Chi_Minh,94,835.0,42.0,18.7,43.0,32.33,3.5,2025-12-23T22:00:00
2025-12-24 06:00:00,Hoàn Kiếm,VN,Asia/Ho_Chi_Minh,110,852.3,46.0,75.6,39.0,39.0,4.0,2025-12-23T23:00:00
2025-12-24 07:00:00,Hoàn Kiếm,VN,Asia/Ho_Chi_Minh,134,994.0,15.0,27.0,48.0,48.0,3.0,2025-12-24T00:00:00
2025-12-24 08:00:00,Hoàn Kiếm,VN,Asia/Ho_Chi_Minh,143,1313.0,50.0,51.3,56.0,51.25,3.5,2025-12-24T01:00:00
2025-12-24 09:00:00,Hoàn Kiếm,VN,Asia/Ho_Chi_Minh,152,1243.0,49.0,24.8,60.7,54.5,3.0,2025-12-24T02:00:00
2025-12-24 10:00:00,Hoàn Kiếm,VN,Asia/Ho_Chi_Minh,150,1728.0,47.0,32.5,59.7,54.0,3.0,2025-12-24T03:00:00
2025-12-24 11:00:00,Hoàn Kiếm,VN,Asia/Ho_Chi_Minh,121,1230.0,44.0,127.6,57.7,43.0,3.0,2025-12-24T04:00:00
2025-12-24 12:00:00,Hoàn Kiếm,VN,Asia/Ho_Chi_Minh,134,1230.7,55.0,31.4,57.0,48.0,5.0,2025-12-24T05:00:00
2025-12-24 13:00:00,Hoàn Kiếm,VN,Asia/Ho_Chi_Minh,120,982.0,13.0,96.0,51.5,42.67,2.0,2025-12-24T06:00:00
2025-12-24 14:00:00,Hoàn Kiếm,VN,Asia/Ho_Chi_Minh,122,1233.0,45.0,62.6,55.3,43.5,4.5,2025-12-24T07:00:00
2025-12-24 15:00:00,Hoàn Kiếm,VN,Asia/Ho_Chi_Minh,121,2830.0,43.0,41.0,55.3,43.25,3.5,2025-12-24T08:00:00
2025-12-24 16:00:00,Hoàn Kiếm,VN,Asia/Ho_Chi_Minh,125,1071.0,16.0,69.6,55.3,44.5,1.0,2025-12-24T09:00:00
2025-12-24 17:00:00,Hoàn Kiếm,VN,Asia/Ho_Chi_Minh,118,1591.0,50.0,28.3,56.3,42.0,3.0,2025-12-24T10:00:00
2025-12-24 18:00:00,Hoàn Kiếm,VN,Asia/Ho_Chi_Minh,150,1175.0,38.7,58.7,67.5,54.0,2.0,2025-12-24T11:00:00
2025-12-24 19:00:00,Hoàn Kiếm,VN,Asia/Ho_Chi_Minh,153,1227.0,50.0,53.2,61.0,55.0,2.5,2025-12-24T12:00:00
2025-12-24 20:00:00,Hoàn Kiếm,VN,Asia/Ho_Chi_Minh,152,1296.0,52.0,72.0,57.0,57.0,3.0,2025-12-24T13:00:00
2025-12-24 21:00:00,Hoàn Kiếm,VN,Asia/Ho_Chi_Minh,151,1153.0,51.0,18.4,56.5,56.5,3.0,2025-12-24T14:00:00
2025-12-24 22:00:00,Hoàn Kiếm,VN,Asia/Ho_Chi_Minh,123,1156.0,46.0,24.1,55.0,43.75,2.5,2025-12-24T15:00:00
2025-12-24 23:00:00,Hoàn Kiếm,VN,Asia/Ho_Chi_Minh,86,1071.0,41.0,25.6,38.0,28.67,1.5,2025-12-24T16:00:00
2025-12-25 00:00:00,Hoàn Kiếm,VN,Asia/Ho_Chi_Minh,66,942.0,43.3,35.5,19.5,19.5,2.0,2025-12-24T17:00:00
2025-12-25 01:00:00,Hoàn Kiếm,VN,Asia/Ho_Chi_Minh,96,211.8,42.0,44.5,41.0,33.5,5.0,2025-12-24T18:00:00
2025-12-25 02:00:00,Hoàn Kiếm,VN,Asia/Ho_Chi_Minh,71,888.0,39.0,27.6,23.3,21.75,3.5,2025-12-24T19:00:00
2025-12-25 03:00:00,Hoàn Kiếm,VN,Asia/Ho_Chi_Minh,67,969.0,39.0,20.0,21.0,19.75,2.0,2025-12-24T20:00:00
2025-12-25 04:00:00,Hoàn Kiếm,VN,Asia/Ho_Chi_Minh,59,162.8,7.0,47.0,16.0,16.0,1.0,2025-12-24T21:00:00
2025-12-25 05:00:00,Hoàn Kiếm,VN,Asia/Ho_Chi_Minh,58,462.5,43.0,25.4,20.5,15.5,5.0,2025-12-24T22:00:00
2025-12-25 06:00:00,Hoàn Kiếm,VN,Asia/Ho_Chi_Minh,91,762.3,35.7,31.1,38.8,31.0,2.3,2025-12-24T23:00:00
2025-12-25 07:00:00,Hoàn Kiếm,VN,Asia/Ho_Chi_Minh,51,1062.0,50.0,23.2,12.7,12.67,3.0,2025-12-25T00:00:00
2025-12-25 08:00:00,Hoàn Kiếm,VN,Asia/Ho_Chi_Minh,67,805.5,81.5,20.3,25.0,19.8,31.7,2025-12-25T01:00:00
2025-12-25 09:00:00,Hoàn Kiếm,VN,Asia/Ho_Chi_Minh,79,772.0,39.3,24.6,32.8,25.4,37.0,2025-12-25T02:00:00
2025-12-25 10:00:00,Hoàn Kiếm,VN,Asia/Ho_Chi_Minh,82,403.0,54.0,7.6,34.0,26.8,105.0,2025-12-25T03:00:00
2025-12-25 11:00:00,Hoàn Kiếm,VN,Asia/Ho_Chi_Minh,74,1789.0,43.0,18.0,30.0,23.0,3.0,2025-12-25T04:00:00
2025-12-25 12:00:00,Hoàn Kiếm,VN,Asia/Ho_Chi_Minh,129,194.2,18.7,55.9,57.5,46.0,84.3,2025-12-25T05:00:00
2025-12-25 13:00:00,Hoàn Kiếm,VN,Asia/Ho_Chi_Minh,82,89.9,1.0,80.0,28.0,26.75,74.0,2025-12-25T06:00:00
2025-12-25 14:00:00,Hoàn Kiếm,VN,Asia/Ho_Chi_Minh,90,521.6,18.0,60.9,31.0,30.33,50.3,2025-12-25T07:00:00
2025-12-25 15:00:00,Hoàn Kiếm,VN,Asia/Ho_Chi_Minh,102,3709.0,53.0,16.2,40.5,36.0,4.5,2025-12-25T08:00:00
2025-12-25 16:00:00,Hoàn Kiếm,VN,Asia/Ho_Chi_Minh,82,1385.0,52.0,22.8,35.7,26.67,3.0,2025-12-25T09:00:00
2025-12-25 17:00:00,Hoàn Kiếm,VN,Asia/Ho_Chi_Minh,85,4046.0,84.5,20.1,28.0,28.0,4.0,2025-12-25T10:00:00
2025-12-25 18:00:00,Hoàn Kiếm,VN,Asia/Ho_Chi_Minh,94,3007.0,56.0,18.3,35.3,32.5,4.5,2025-12-25T11:00:00
2025-12-25 19:00:00,Hoàn Kiếm,VN,Asia/Ho_Chi_Minh,98,706.0,149.5,14.9,47.7,34.0,54.5,2025-12-25T12:00:00
2025-12-25 20:00:00,Hoàn Kiếm,VN,Asia/Ho_Chi_Minh,94,2636.5,54.0,7.6,32.5,32.5,7.0,2025-12-25T13:00:00
2025-12-25 21:00:00,Hoàn Kiếm,VN,Asia/Ho_Chi_Minh,91,605.0,46.0,8.6,31.0,31.0,11.0,2025-12-25T14:00:00
2025-12-25 22:00:00,Hoàn Kiếm,VN,Asia/Ho_Chi_Minh,118,105.0,2.0,26.3,56.0,42.0,76.0,2025-12-25T15:00:00
2025-12-25 23:00:00,Hoàn Kiếm,VN,Asia/Ho_Chi_Minh,116,605.0,24.0,32.3,41.5,41.5,11.0,2025-12-25T16:00:00
2025-12-26 00:00:00,Hoàn Kiếm,VN,Asia/Ho_Chi_Minh,96,908.0,45.0,14.1,34.0,33.25,5.7,2025-12-25T17:00:00
2025-12-26 01:00:00,Hoàn Kiếm,VN,Asia/Ho_Chi_Minh,92,755.0,37.0,18.0,31.7,31.67,6.0,2025-12-25T18:00:00
2025-12-26 02:00:00,Hoàn Kiếm,VN,Asia/Ho_Chi_Minh,88,605.0,9.0,7.6,32.7,29.5,11.0,2025-12-25T19:00:00
2025-12-26 03:00:00,Hoàn Kiếm,VN,Asia/Ho_Chi_Minh,79,686.0,15.0,7.6,27.0,25.33,8.5,2025-12-25T20:00:00
2025-12-26 04:00:00,Hoàn Kiếm,VN,Asia/Ho_Chi_Minh,62,1043.0,9.0,85.7,24.0,17.5,1.0,2025-12-25T21:00:00
2025-12-26 05:00:00,Hoàn Kiếm,VN,Asia/Ho_Chi_Minh,55,795.0,15.0,7.6,14.5,14.5,6.0,2025-12-25T22:00:00
2025-12-26 06:00:00,Hoàn Kiếm,VN,Asia/Ho_Chi_Minh,80,403.0,54.0,15.7,31.5,26.0,11.0,2025-12-25T23:00:00
2025-12-26 07:00:00,Hoàn Kiếm,VN,Asia/Ho_Chi_Minh,76,814.5,77.5,14.6,26.7,24.25,53.5,2025-12-26T00:00:00
2025-12-26 08:00:00,Hoàn Kiếm,VN,Asia/Ho_Chi_Minh,87,1100.5,208.0,6.5,35.0,29.0,49.0,2025-12-26T01:00:00
2025-12-26 09:00:00,Hoàn Kiếm,VN,Asia/Ho_Chi_Minh,89,1049.0,177.0,8.6,41.5,30.0,54.5,2025-12-26T02:00:00
2025-12-26 10:00:00,Hoàn Kiếm,VN,Asia/Ho_Chi_Minh,126,1029.0,2.0,116.4,55.5,45.0,2.0,2025-12-26T03:00:00
2025-12-26 11:00:00,Hoàn Kiếm,VN,Asia/Ho_Chi_Minh,35,403.0,100.0,11.9,38.0,5.0,110.0,2025-12-26T04:00:00
2025-12-26 12:00:00,Hoàn Kiếm,VN,Asia/Ho_Chi_Minh,91,712.0,108.0,20.5,40.5,31.0,45.5,2025-12-26T05:00:00
2025-12-26 13:00:00,Hoàn Kiếm,VN,Asia/Ho_Chi_Minh,91,1292.0,31.0,7.6,39.0,31.0,9.0,2025-12-26T06:00:00
2025-12-26 14:00:00,Hoàn Kiếm,VN,Asia/Ho_Chi_Minh,146,1126.0,25.3,124.1,61.5,52.33,5.0,2025-12-26T07:00:00
2025-12-26 15:00:00,Hoàn Kiếm,VN,Asia/Ho_Chi_Minh,151,1248.0,19.7,93.3,63.0,56.33,6.0,2025-12-26T08:00:00
2025-12-26 16:00:00,Hoàn Kiếm,VN,Asia/Ho_Chi_Minh,126,1022.0,14.0,57.8,60.5,45.0,8.0,2025-12-26T09:00:00
2025-12-26 17:00:00,Hoàn Kiếm,VN,Asia/Ho_Chi_Minh,125,605.0,16.5,17.1,53.0,44.67,11.0,2025-12-26T10:00:00
2025-12-26 18:00:00,Hoàn Kiếm,VN,Asia/Ho_Chi_Minh,142,1266.5,462.0,10.8,58.5,51.0,61.5,2025-12-26T11:00:00
2025-12-26 19:00:00,Hoàn Kiếm,VN,Asia/Ho_Chi_Minh,154,1668.0,385.0,8.6,68.5,58.33,59.0,2025-12-26T12:00:00
2025-12-26 20:00:00,Hoàn Kiếm,VN,Asia/Ho_Chi_Minh,163,754.5,100.0,56.1,80.7,65.5,46.0,2025-12-26T13:00:00
2025-12-26 21:00:00,Hoàn Kiếm,VN,Asia/Ho_Chi_Minh,157,874.5,62.0,20.7,70.7,60.75,55.0,2025-12-26T14:00:00
2025-12-26 22:00:00,Hoàn Kiếm,VN,Asia/Ho_Chi_Minh,141,2583.0,31.0,37.2,67.5,50.5,10.0,2025-12-26T15:00:00
2025-12-26 23:00:00,Hoàn Kiếm,VN,Asia/Ho_Chi_Minh,116,403.0,62.0,14.1,50.0,41.5,105.0,2025-12-26T16:00:00
2025-12-27 00:00:00,Hoàn Kiếm,VN,Asia/Ho_Chi_Minh,138,997.5,39.0,27.9,63.3,49.5,7.5,2025-12-26T17:00:00
2025-12-27 01:00:00,Hoàn Kiếm,VN,Asia/Ho_Chi_Minh,143,907.5,69.0,21.2,68.0,51.25,10.5,2025-12-26T18:00:00
2025-12-27 02:00:00,Hoàn Kiếm,VN,Asia/Ho_Chi_Minh,164,797.5,239.0,12.4,74.0,65.75,105.5,2025-12-26T19:00:00
2025-12-27 03:00:00,Hoàn Kiếm,VN,Asia/Ho_Chi_Minh,159,845.0,170.0,15.7,75.3,62.0,25.0,2025-12-26T20:00:00
2025-12-27 04:00:00,Hoàn Kiếm,VN,Asia/Ho_Chi_Minh,151,1306.0,17.0,54.9,75.0,56.5,26.0,2025-12-26T21:00:00
2025-12-27 05:00:00,Hoàn Kiếm,VN,Asia/Ho_Chi_Minh,158,806.0,146.0,7.6,68.0,61.5,16.0,2025-12-26T22:00:00
2025-12-27 06:00:00,Hoàn Kiếm,VN,Asia/Ho_Chi_Minh,152,929.0,77.0,25.6,67.0,54.5,13.5,2025-12-26T23:00:00
2025-12-27 07:00:00,Hoàn Kiếm,VN,Asia/Ho_Chi_Minh,146,706.0,100.0,7.6,63.0,52.5,26.0,2025-12-27T00:00:00
2025-12-27 08:00:00,Hoàn Kiếm,VN,Asia/Ho_Chi_Minh,150,837.5,77.0,15.1,68.7,55.5,17.5,2025-12-27T01:00:00
2025-12-27 09:00:00,Hoàn Kiếm,VN,Asia/Ho_Chi_Minh,166,1052.0,100.0,41.0,78.7,67.25,15.0,2025-12-27T02:00:00
2025-12-27 10:00:00,Hoàn Kiếm,VN,Asia/Ho_Chi_Minh,163,1017.0,85.0,39.9,74.3,65.5,14.0,2025-12-27T03:00:00
2025-12-27 11:00:00,Hoàn Kiếm,VN,Asia/Ho_Chi_Minh,169,985.0,1.0,88.0,93.0,70.0,16.3,2025-12-27T04:00:00
2025-12-27 12:00:00,Hoàn Kiếm,VN,Asia/Ho_Chi_Minh,155,1217.5,100.0,17.2,60.5,59.33,16.5,2025-12-27T05:00:00
2025-12-27 13:00:00,Hoàn Kiếm,VN,Asia/Ho_Chi_Minh,165,921.0,108.0,11.4,66.5,66.5,21.0,2025-12-27T06:00:00
2025-12-27 14:00:00,Hoàn Kiếm,VN,Asia/Ho_Chi_Minh,163,789.5,40.5,12.3,74.3,65.25,13.5,2025-12-27T07:00:00
2025-12-27 15:00:00,Hoàn Kiếm,VN,Asia/Ho_Chi_Minh,155,830.5,40.5,13.0,71.3,59.5,16.5,2025-12-27T08:00:00
2025-12-27 16:00:00,Hoàn Kiếm,VN,Asia/Ho_Chi_Minh,164,1142.0,4.0,59.9,88.0,66.0,8.0,2025-12-27T09:00:00
2025-12-27 17:00:00,Hoàn Kiếm,VN,Asia/Ho_Chi_Minh,151,806.0,100.0,7.6,56.0,56.0,16.0,2025-12-27T10:00:00
2025-12-27 18:00:00,Hoàn Kiếm,VN,Asia/Ho_Chi_Minh,171,930.5,84.3,21.4,81.7,71.25,58.5,2025-12-27T11:00:00
2025-12-27 19:00:00,Hoàn Kiếm,VN,Asia/Ho_Chi_Minh,171,1019.5,68.0,10.7,80.0,71.0,19.0,2025-12-27T12:00:00
2025-12-27 20:00:00,Hoàn Kiếm,VN,Asia/Ho_Chi_Minh,180,1141.5,30.7,13.2,95.0,77.75,11.5,2025-12-27T13:00:00
2025-12-27 21:00:00,Hoàn Kiếm,VN,Asia/Ho_Chi_Minh,176,1200.5,41.0,10.4,81.0,75.33,11.0,2025-12-27T14:00:00
2025-12-27 22:00:00,Hoàn Kiếm,VN,Asia/Ho_Chi_Minh,185,1659.0,42.0,8.5,89.5,81.67,16.5,2025-12-27T15:00:00
2025-12-27 23:00:00,Hoàn Kiếm,VN,Asia/Ho_Chi_Minh,189,1444.8,38.3,9.5,92.6,84.53,16.3,2025-12-27T16:00:00
2025-12-28 00:00:00,Hoàn Kiếm,VN,Asia/Ho_Chi_Minh,191,1147.5,24.0,12.9,94.7,86.0,13.5,2025-12-27T17:00:00
2025-12-28 01:00:00,Hoàn Kiếm,VN,Asia/Ho_Chi_Minh,196,1016.5,31.0,11.3,98.7,90.25,16.0,2025-12-27T18:00:00
2025-12-28 02:00:00,Hoàn Kiếm,VN,Asia/Ho_Chi_Minh,211,1014.5,42.0,19.5,113.3,101.0,17.5,2025-12-27T19:00:00
2025-12-28 03:00:00,Hoàn Kiếm,VN,Asia/Ho_Chi_Minh,210,927.5,69.5,26.6,112.3,100.5,18.5,2025-12-27T20:00:00
2025-12-28 04:00:00,Hoàn Kiếm,VN,Asia/Ho_Chi_Minh,154,928.5,45.0,29.5,97.7,58.33,12.5,2025-12-27T21:00:00
2025-12-28 05:00:00,Hoàn Kiếm,VN,Asia/Ho_Chi_Minh,203,968.0,1.0,24.1,95.0,95.0,15.2,2025-12-27T22:00:00
2025-12-28 06:00:00,Hoàn Kiếm,VN,Asia/Ho_Chi_Minh,184,899.5,37.0,8.3,88.0,81.33,14.5,2025-12-27T23:00:00
2025-12-28 07:00:00,Hoàn Kiếm,VN,Asia/Ho_Chi_Minh,179,1047.0,36.5,6.3,77.0,77.0,20.5,2025-12-28T00:00:00
2025-12-28 08:00:00,Hoàn Kiếm,VN,Asia/Ho_Chi_Minh,185,1722.5,45.5,11.2,91.0,81.5,16.5,2025-12-28T01:00:00
2025-12-28 09:00:00,Hoàn Kiếm,VN,Asia/Ho_Chi_Minh,195,1787.0,120.0,10.5,103.0,89.25,57.5,2025-12-28T02:00:00
2025-12-28 10:00:00,Hoàn Kiếm,VN,Asia/Ho_Chi_Minh,196,1242.0,91.5,13.1,100.7,89.75,60.5,2025-12-28T03:00:00
2025-12-28 11:00:00,Hoàn Kiếm,VN,Asia/Ho_Chi_Minh,201,1242.2,73.7,11.3,105.9,93.67,45.7,2025-12-28T04:00:00
2025-12-28 12:00:00,Hoàn Kiếm,VN,Asia/Ho_Chi_Minh,212,1153.0,80.0,36.4,116.0,102.25,60.5,2025-12-28T05:00:00
2025-12-28 13:00:00,Hoàn Kiếm,VN,Asia/Ho_Chi_Minh,211,1242.5,38.0,7.6,116.3,101.5,16.0,2025-12-28T06:00:00
2025-12-28 14:00:00,Hoàn Kiếm,VN,Asia/Ho_Chi_Minh,211,1338.0,45.5,40.6,119.0,101.25,17.0,2025-12-28T07:00:00
2025-12-28 15:00:00,Hoàn Kiếm,VN,Asia/Ho_Chi_Minh,210,919.0,162.0,25.0,117.7,100.75,59.0,2025-12-28T08:00:00
2025-12-28 16:00:00,Hoàn Kiếm,VN,Asia/Ho_Chi_Minh,242,1399.0,1.0,20.6,139.0,125.0,11.0,2025-12-28T09:00:00
2025-12-28 17:00:00,Hoàn Kiếm,VN,Asia/Ho_Chi_Minh,53,605.0,170.0,20.5,60.0,13.0,89.0,2025-12-28T10:00:00
2025-12-28 18:00:00,Hoàn Kiếm,VN,Asia/Ho_Chi_Minh,191,1585.0,154.0,17.5,86.5,86.5,61.0,2025-12-28T11:00:00
2025-12-28 19:00:00,Hoàn Kiếm,VN,Asia/Ho_Chi_Minh,216,706.0,154.0,20.9,123.5,105.33,105.0,2025-12-28T12:00:00
2025-12-28 20:00:00,Hoàn Kiếm,VN,Asia/Ho_Chi_Minh,224,605.0,177.0,17.6,130.0,111.0,89.0,2025-12-28T13:00:00
2025-12-28 21:00:00,Hoàn Kiếm,VN,Asia/Ho_Chi_Minh,228,1604.0,85.0,12.4,134.3,114.25,29.5,2025-12-28T14:00:00
2025-12-28 22:00:00,Hoàn Kiếm,VN,Asia/Ho_Chi_Minh,242,1785.0,44.0,17.3,166.0,125.0,22.0,2025-12-28T15:00:00
2025-12-28 23:00:00,Hoàn Kiếm,VN,Asia/Ho_Chi_Minh,241,907.0,77.0,17.0,145.0,124.0,21.0,2025-12-28T16:00:00
2025-12-29 00:00:00,Hoàn Kiếm,VN,Asia/Ho_Chi_Minh,188,806.0,223.0,4.3,84.0,84.0,105.0,2025-12-28T17:00:00
2025-12-29 01:00:00,Hoàn Kiếm,VN,Asia/Ho_Chi_Minh,243,605.0,247.0,16.6,149.0,125.67,100.0,2025-12-28T18:00:00
2025-12-29 02:00:00,Hoàn Kiếm,VN,Asia/Ho_Chi_Minh,240,1108.0,124.0,10.0,151.3,123.0,59.5,2025-12-28T19:00:00
2025-12-29 03:00:00,Hoàn Kiếm,VN,Asia/Ho_Chi_Minh,232,1057.5,324.0,10.1,144.3,116.75,58.0,2025-12-28T20:00:00
2025-12-29 04:00:00,Hoàn Kiếm,VN,Asia/Ho_Chi_Minh,195,1194.5,150.5,10.8,133.7,89.33,52.5,2025-12-28T21:00:00
2025-12-29 05:00:00,Hoàn Kiếm,VN,Asia/Ho_Chi_Minh,246,1398.0,200.3,5.9,128.0,128.0,16.0,2025-12-28T22:00:00
2025-12-29 06:00:00,Hoàn Kiếm,VN,Asia/Ho_Chi_Minh,204,706.0,285.0,2.2,96.0,96.0,105.0,2025-12-28T23:00:00
2025-12-29 07:00:00,Hoàn Kiếm,VN,Asia/Ho_Chi_Minh,221,1331.5,300.0,3.7,108.5,108.5,60.0,2025-12-29T00:00:00
2025-12-29 08:00:00,Hoàn Kiếm,VN,Asia/Ho_Chi_Minh,217,1785.5,416.0,11.7,121.3,105.75,53.0,2025-12-29T01:00:00
2025-12-29 09:00:00,Hoàn Kiếm,VN,Asia/Ho_Chi_Minh,205,1500.0,201.0,12.1,112.0,97.0,59.5,2025-12-29T02:00:00
2025-12-29 10:00:00,Hoàn Kiếm,VN,Asia/Ho_Chi_Minh,207,1263.5,143.0,13.0,114.7,98.5,65.5,2025-12-29T03:00:00
2025-12-29 11:00:00,Hoàn Kiếm,VN,Asia/Ho_Chi_Minh,228,1211.0,162.0,24.5,152.0,114.0,62.7,2025-12-29T04:00:00
2025-12-29 12:00:00,Hoàn Kiếm,VN,Asia/Ho_Chi_Minh,180,806.0,231.0,7.6,78.0,78.0,105.0,2025-12-29T05:00:00
2025-12-29 13:00:00,Hoàn Kiếm,VN,Asia/Ho_Chi_Minh,194,1106.0,200.0,12.6,94.7,88.5,57.0,2025-12-29T06:00:00
2025-12-29 14:00:00,Hoàn Kiếm,VN,Asia/Ho_Chi_Minh,190,1079.5,262.0,15.4,91.3,85.75,62.0,2025-12-29T07:00:00
2025-12-29 15:00:00,Hoàn Kiếm,VN,Asia/Ho_Chi_Minh,185,1162.0,254.0,15.4,88.3,81.5,59.5,2025-12-29T08:00:00
2025-12-29 16:00:00,Hoàn Kiếm,VN,Asia/Ho_Chi_Minh,187,1264.0,155.0,13.5,91.7,83.0,89.0,2025-12-29T09:00:00
2025-12-29 17:00:00,Hoàn Kiếm,VN,Asia/Ho_Chi_Minh,176,2512.0,183.0,5.4,101.0,75.0,24.0,2025-12-29T10:00:00
2025-12-29 18:00:00,Hoàn Kiếm,VN,Asia/Ho_Chi_Minh,197,806.0,193.0,15.1,100.0,91.0,95.0,2025-12-29T11:00:00
2025-12-29 19:00:00,Hoàn Kiếm,VN,Asia/Ho_Chi_Minh,178,1383.5,239.0,13.4,76.5,76.5,57.0,2025-12-29T12:00:00
2025-12-29 20:00:00,Hoàn Kiếm,VN,Asia/Ho_Chi_Minh,161,706.0,200.0,9.7,64.0,64.0,89.0,2025-12-29T13:00:00
2025-12-29 21:00:00,Hoàn Kiếm,VN,Asia/Ho_Chi_Minh,209,706.0,177.0,16.6,107.0,99.67,100.0,2025-12-29T14:00:00
2025-12-29 22:00:00,Hoàn Kiếm,VN,Asia/Ho_Chi_Minh,164,706.0,154.0,8.6,66.0,66.0,110.0,2025-12-29T15:00:00
2025-12-29 23:00:00,Hoàn Kiếm,VN,Asia/Ho_Chi_Minh,159,1299.0,146.3,7.0,83.0,62.0,8.0,2025-12-29T16:00:00
2025-12-30 00:00:00,Hoàn Kiếm,VN,Asia/Ho_Chi_Minh,161,806.0,162.0,8.6,64.0,64.0,105.0,2025-12-29T17:00:00
2025-12-30 01:00:00,Hoàn Kiếm,VN,Asia/Ho_Chi_Minh,186,966.5,131.0,19.4,83.3,82.25,53.5,2025-12-29T18:00:00
2025-12-30 02:00:00,Hoàn Kiếm,VN,Asia/Ho_Chi_Minh,178,1177.5,177.0,3.9,76.5,76.5,59.5,2025-12-29T19:00:00
2025-12-30 03:00:00,Hoàn Kiếm,VN,Asia/Ho_Chi_Minh,196,1118.5,95.5,13.9,93.3,90.0,66.5,2025-12-29T20:00:00
2025-12-30 04:00:00,Hoàn Kiếm,VN,Asia/Ho_Chi_Minh,196,1161.0,77.0,8.1,96.0,90.0,17.0,2025-12-29T21:00:00
2025-12-30 05:00:00,Hoàn Kiếm,VN,Asia/Ho_Chi_Minh,167,1388.0,95.0,7.4,91.0,68.0,18.0,2025-12-29T22:00:00
2025-12-30 06:00:00,Hoàn Kiếm,VN,Asia/Ho_Chi_Minh,214,1008.0,116.0,7.6,112.0,103.5,21.0,2025-12-29T23:00:00
2025-12-30 07:00:00,Hoàn Kiếm,VN,Asia/Ho_Chi_Minh,197,1346.5,131.0,12.0,110.3,91.0,24.0,2025-12-30T00:00:00
2025-12-30 08:00:00,Hoàn Kiếm,VN,Asia/Ho_Chi_Minh,193,1815.0,92.0,14.8,103.0,87.5,14.5,2025-12-30T01:00:00
2025-12-30 09:00:00,Hoàn Kiếm,VN,Asia/Ho_Chi_Minh,193,1694.0,439.0,11.5,96.0,87.75,60.0,2025-12-30T02:00:00
2025-12-30 10:00:00,Hoàn Kiếm,VN,Asia/Ho_Chi_Minh,222,1395.0,1.0,15.7,109.5,109.5,27.0,2025-12-30T03:00:00
2025-12-30 11:00:00,Hoàn Kiếm,VN,Asia/Ho_Chi_Minh,185,1899.0,1.0,14.1,108.5,81.5,21.0,2025-12-30T04:00:00
2025-12-30 12:00:00,Hoàn Kiếm,VN,Asia/Ho_Chi_Minh,171,1277.7,7.7,13.3,213.8,171.0,16.3,2025-12-30T05:00:00
2025-12-30 13:00:00,Hoàn Kiếm,VN,Asia/Ho_Chi_Minh,175,1219.0,11.0,12.0,74.0,74.0,11.0,2025-12-30T06:00:00
2025-12-30 14:00:00,Hoàn Kiếm,VN,Asia/Ho_Chi_Minh,189,1312.0,8.0,28.0,84.5,84.5,9.0,2025-12-30T07:00:00
2025-12-30 15:00:00,Hoàn Kiếm,VN,Asia/Ho_Chi_Minh,159,1287.0,5.0,13.3,62.0,62.0,8.0,2025-12-30T08:00:00
2025-12-30 16:00:00,Hoàn Kiếm,VN,Asia/Ho_Chi_Minh,169,1266.0,2.0,25.2,69.5,69.5,45.0,2025-12-30T09:00:00
2025-12-30 17:00:00,Hoàn Kiếm,VN,Asia/Ho_Chi_Minh,129,1744.0,9.3,10.5,62.0,46.0,8.0,2025-12-30T10:00:00
2025-12-30 18:00:00,Hoàn Kiếm,VN,Asia/Ho_Chi_Minh,191,1814.0,2.0,67.2,86.0,86.0,19.0,2025-12-30T11:00:00
2025-12-30 19:00:00,Hoàn Kiếm,VN,Asia/Ho_Chi_Minh,168,2088.0,24.0,2.6,69.0,69.0,6.0,2025-12-30T12:00:00
2025-12-30 20:00:00,Hoàn Kiếm,VN,Asia/Ho_Chi_Minh,156,1415.0,31.3,17.1,60.0,60.0,5.0,2025-12-30T13:00:00
2025-12-30 21:00:00,Hoàn Kiếm,VN,Asia/Ho_Chi_Minh,159,1371.5,23.0,5.3,62.5,62.5,11.5,2025-12-30T14:00:00
2025-12-30 22:00:00,Hoàn Kiếm,VN,Asia/Ho_Chi_Minh,171,706.0,46.0,37.7,71.3,71.33,110.0,2025-12-30T15:00:00
2025-12-30 23:00:00,Hoàn Kiếm,VN,Asia/Ho_Chi_Minh,158,1432.0,53.7,29.3,82.0,61.5,10.0,2025-12-30T16:00:00
2025-12-31 00:00:00,Hoàn Kiếm,VN,Asia/Ho_Chi_Minh,177,706.0,92.0,13.0,76.0,76.0,105.0,2025-12-30T17:00:00
2025-12-31 01:00:00,Hoàn Kiếm,VN,Asia/Ho_Chi_Minh,186,889.5,69.0,37.1,107.3,82.5,13.0,2025-12-30T18:00:00
2025-12-31 02:00:00,Hoàn Kiếm,VN,Asia/Ho_Chi_Minh,183,872.0,62.0,40.4,88.7,80.5,55.0,2025-12-30T19:00:00
2025-12-31 03:00:00,Hoàn Kiếm,VN,Asia/Ho_Chi_Minh,188,861.0,77.0,28.5,92.0,83.75,56.0,2025-12-30T20:00:00
2025-12-31 04:00:00,Hoàn Kiếm,VN,Asia/Ho_Chi_Minh,202,772.0,56.0,35.0,104.7,94.5,50.5,2025-12-30T21:00:00
2025-12-31 05:00:00,Hoàn Kiếm,VN,Asia/Ho_Chi_Minh,232,783.3,88.7,25.5,133.1,117.0,68.7,2025-12-30T22:00:00
2025-12-31 06:00:00,Hoàn Kiếm,VN,Asia/Ho_Chi_Minh,153,605.0,100.0,8.6,188.0,153.5,100.0,2025-12-30T23:00:00
2025-12-31 07:00:00,Hoàn Kiếm,VN,Asia/Ho_Chi_Minh,162,806.0,154.0,6.5,190.0,162.0,105.0,2025-12-31T00:00:00
2025-12-31 08:00:00,Hoàn Kiếm,VN,Asia/Ho_Chi_Minh,243,907.0,193.0,18.3,143.0,125.33,95.0,2025-12-31T01:00:00
2025-12-31 09:00:00,Hoàn Kiếm,VN,Asia/Ho_Chi_Minh,227,806.0,200.0,5.4,116.0,113.0,105.0,2025-12-31T02:00:00
2025-12-31 10:00:00,Hoàn Kiếm,VN,Asia/Ho_Chi_Minh,187,1073.0,116.0,17.7,88.3,83.25,55.5,2025-12-31T03:00:00
2025-12-31 11:00:00,Hoàn Kiếm,VN,Asia/Ho_Chi_Minh,139,2182.0,82.3,6.7,67.0,50.0,6.0,2025-12-31T04:00:00
2025-12-31 12:00:00,Hoàn Kiếm,VN,Asia/Ho_Chi_Minh,177,806.0,208.0,10.8,76.0,76.0,105.0,2025-12-31T05:00:00
2025-12-31 13:00:00,Hoàn Kiếm,VN,Asia/Ho_Chi_Minh,166,1126.0,15.0,20.1,67.3,67.33,16.0,2025-12-31T06:00:00
2025-12-31 14:00:00,Hoàn Kiếm,VN,Asia/Ho_Chi_Minh,155,874.5,85.0,32.3,59.0,59.0,61.0,2025-12-31T07:00:00
2025-12-31 15:00:00,Hoàn Kiếm,VN,Asia/Ho_Chi_Minh,146,868.5,77.0,28.4,52.3,52.33,56.0,2025-12-31T08:00:00
2025-12-31 16:00:00,Hoàn Kiếm,VN,Asia/Ho_Chi_Minh,142,605.0,116.0,21.6,52.3,50.8,95.0,2025-12-31T09:00:00
2025-12-31 17:00:00,Hoàn Kiếm,VN,Asia/Ho_Chi_Minh,124,1299.0,38.0,37.6,59.0,44.33,4.0,2025-12-31T10:00:00
2025-12-31 18:00:00,Hoàn Kiếm,VN,Asia/Ho_Chi_Minh,112,605.0,77.0,22.7,40.0,40.0,105.0,2025-12-31T11:00:00
2025-12-31 19:00:00,Hoàn Kiếm,VN,Asia/Ho_Chi_Minh,152,1470.5,57.7,22.5,57.0,57.0,39.3,2025-12-31T12:00:00
2025-12-31 20:00:00,Hoàn Kiếm,VN,Asia/Ho_Chi_Minh,153,945.0,23.7,20.3,58.0,58.0,12.0,2025-12-31T13:00:00
2025-12-31 21:00:00,Hoàn Kiếm,VN,Asia/Ho_Chi_Minh,157,2391.0,22.3,42.1,64.0,60.6,13.0,2025-12-31T14:00:00
2025-12-31 22:00:00,Hoàn Kiếm,VN,Asia/Ho_Chi_Minh,159,900.0,14.0,34.1,65.3,62.0,11.0,2025-12-31T15:00:00
2025-12-31 23:00:00,Hoàn Kiếm,VN,Asia/Ho_Chi_Minh,142,1046.0,32.0,26.9,68.5,51.0,5.0,2025-12-31T16:00:00
2026-01-01 00:00:00,Hoàn Kiếm,VN,Asia/Ho_Chi_Minh,137,605.0,8.0,7.6,49.0,49.0,32.0,2025-12-31T17:00:00
